{
"meta":{"test_sets":[],"test_metrics":[],"learn_metrics":[{"best_value":"Min","name":"MultiClass"}],"launch_mode":"Train","parameters":"","iteration_count":1000,"learn_sets":["learn"],"name":"experiment"},
"iterations":[
{"learn":[2.002265108],"iteration":0,"passed_time":0.02081007013,"remaining_time":20.78926006},
{"learn":[1.92171284],"iteration":1,"passed_time":0.03536783626,"remaining_time":17.64855029},
{"learn":[1.837303505],"iteration":2,"passed_time":0.0508410296,"remaining_time":16.89616884},
{"learn":[1.764414318],"iteration":3,"passed_time":0.06597117781,"remaining_time":16.42682328},
{"learn":[1.698261838],"iteration":4,"passed_time":0.08106647733,"remaining_time":16.13222899},
{"learn":[1.641645843],"iteration":5,"passed_time":0.09327759617,"remaining_time":15.45298843},
{"learn":[1.565117709],"iteration":6,"passed_time":0.1038568185,"remaining_time":14.73283153},
{"learn":[1.501657481],"iteration":7,"passed_time":0.1207659482,"remaining_time":14.97497758},
{"learn":[1.458002965],"iteration":8,"passed_time":0.1326603462,"remaining_time":14.60737812},
{"learn":[1.41318226],"iteration":9,"passed_time":0.1434764507,"remaining_time":14.20416862},
{"learn":[1.379005047],"iteration":10,"passed_time":0.1542455482,"remaining_time":13.86807701},
{"learn":[1.344597041],"iteration":11,"passed_time":0.1657448184,"remaining_time":13.64632338},
{"learn":[1.311182012],"iteration":12,"passed_time":0.1815904583,"remaining_time":13.78690634},
{"learn":[1.274225855],"iteration":13,"passed_time":0.1938286015,"remaining_time":13.65107151},
{"learn":[1.241649417],"iteration":14,"passed_time":0.2051080793,"remaining_time":13.46876387},
{"learn":[1.21140699],"iteration":15,"passed_time":0.22400938,"remaining_time":13.77657687},
{"learn":[1.182791859],"iteration":16,"passed_time":0.2418265861,"remaining_time":13.98326671},
{"learn":[1.158351978],"iteration":17,"passed_time":0.2571902008,"remaining_time":14.03115429},
{"learn":[1.133575371],"iteration":18,"passed_time":0.2687695526,"remaining_time":13.87699638},
{"learn":[1.107002609],"iteration":19,"passed_time":0.2771652869,"remaining_time":13.58109906},
{"learn":[1.082871963],"iteration":20,"passed_time":0.2886596974,"remaining_time":13.45704018},
{"learn":[1.062695093],"iteration":21,"passed_time":0.300294606,"remaining_time":13.34946021},
{"learn":[1.041109582],"iteration":22,"passed_time":0.3092207888,"remaining_time":13.13516133},
{"learn":[1.017981384],"iteration":23,"passed_time":0.3238385505,"remaining_time":13.16943439},
{"learn":[0.9960434045],"iteration":24,"passed_time":0.3344554511,"remaining_time":13.04376259},
{"learn":[0.9781001695],"iteration":25,"passed_time":0.3435975566,"remaining_time":12.87169308},
{"learn":[0.9622516468],"iteration":26,"passed_time":0.3568573778,"remaining_time":12.86008254},
{"learn":[0.9427232767],"iteration":27,"passed_time":0.3686923538,"remaining_time":12.79889171},
{"learn":[0.9227107657],"iteration":28,"passed_time":0.3847943442,"remaining_time":12.88397615},
{"learn":[0.9092342351],"iteration":29,"passed_time":0.3950519127,"remaining_time":12.77334518},
{"learn":[0.8960438118],"iteration":30,"passed_time":0.4049334593,"remaining_time":12.6574362},
{"learn":[0.8813925775],"iteration":31,"passed_time":0.4205475008,"remaining_time":12.7215619},
{"learn":[0.8689134425],"iteration":32,"passed_time":0.4330492676,"remaining_time":12.68965581},
{"learn":[0.855527202],"iteration":33,"passed_time":0.44783903,"remaining_time":12.72389715},
{"learn":[0.8428531035],"iteration":34,"passed_time":0.4630538288,"remaining_time":12.76705557},
{"learn":[0.8321353113],"iteration":35,"passed_time":0.4778217249,"remaining_time":12.79500397},
{"learn":[0.8212551495],"iteration":36,"passed_time":0.4914933087,"remaining_time":12.79210963},
{"learn":[0.8050192696],"iteration":37,"passed_time":0.5047464344,"remaining_time":12.77805447},
{"learn":[0.7961957958],"iteration":38,"passed_time":0.518202791,"remaining_time":12.76904826},
{"learn":[0.7866199327],"iteration":39,"passed_time":0.5329690464,"remaining_time":12.79125711},
{"learn":[0.7760805283],"iteration":40,"passed_time":0.5475607321,"remaining_time":12.80757908},
{"learn":[0.766905483],"iteration":41,"passed_time":0.5613608871,"remaining_time":12.80437452},
{"learn":[0.7582729044],"iteration":42,"passed_time":0.5766749953,"remaining_time":12.83437141},
{"learn":[0.7499260202],"iteration":43,"passed_time":0.5875874514,"remaining_time":12.76667281},
{"learn":[0.7418940736],"iteration":44,"passed_time":0.5986630337,"remaining_time":12.70495994},
{"learn":[0.7334884829],"iteration":45,"passed_time":0.6073926503,"remaining_time":12.5967954},
{"learn":[0.7254586285],"iteration":46,"passed_time":0.6199247437,"remaining_time":12.56996342},
{"learn":[0.7157420173],"iteration":47,"passed_time":0.6344477907,"remaining_time":12.58321451},
{"learn":[0.7072494358],"iteration":48,"passed_time":0.6457877213,"remaining_time":12.53355353},
{"learn":[0.6988039054],"iteration":49,"passed_time":0.6631351221,"remaining_time":12.59956732},
{"learn":[0.690407511],"iteration":50,"passed_time":0.6756850864,"remaining_time":12.5730421},
{"learn":[0.6825533662],"iteration":51,"passed_time":0.6880083536,"remaining_time":12.54292152},
{"learn":[0.6745659767],"iteration":52,"passed_time":0.6963681489,"remaining_time":12.44265353},
{"learn":[0.667233109],"iteration":53,"passed_time":0.7070843666,"remaining_time":12.38707057},
{"learn":[0.6584826725],"iteration":54,"passed_time":0.7165804958,"remaining_time":12.31215579},
{"learn":[0.6506180127],"iteration":55,"passed_time":0.7286767699,"remaining_time":12.28340841},
{"learn":[0.6443689586],"iteration":56,"passed_time":0.736972329,"remaining_time":12.19236678},
{"learn":[0.6371330498],"iteration":57,"passed_time":0.7464098227,"remaining_time":12.12272505},
{"learn":[0.6313346468],"iteration":58,"passed_time":0.7561804638,"remaining_time":12.06043757},
{"learn":[0.6246533802],"iteration":59,"passed_time":0.7664450624,"remaining_time":12.00763931},
{"learn":[0.6167409865],"iteration":60,"passed_time":0.7775250279,"remaining_time":11.96878691},
{"learn":[0.6107461525],"iteration":61,"passed_time":0.7875985223,"remaining_time":11.91560345},
{"learn":[0.6048283127],"iteration":62,"passed_time":0.7953178812,"remaining_time":11.82877547},
{"learn":[0.5995166499],"iteration":63,"passed_time":0.8031023122,"remaining_time":11.74537132},
{"learn":[0.5944485877],"iteration":64,"passed_time":0.8123335733,"remaining_time":11.68510602},
{"learn":[0.5890758668],"iteration":65,"passed_time":0.8247989108,"remaining_time":11.67215428},
{"learn":[0.5842278551],"iteration":66,"passed_time":0.8389000786,"remaining_time":11.68199662},
{"learn":[0.5795108088],"iteration":67,"passed_time":0.8489435193,"remaining_time":11.63552},
{"learn":[0.5746915543],"iteration":68,"passed_time":0.8616580267,"remaining_time":11.62613946},
{"learn":[0.5701480852],"iteration":69,"passed_time":0.8736165191,"remaining_time":11.60661947},
{"learn":[0.5637942111],"iteration":70,"passed_time":0.8849786783,"remaining_time":11.57950975},
{"learn":[0.5587905256],"iteration":71,"passed_time":0.8949837976,"remaining_time":11.53534672},
{"learn":[0.5531068101],"iteration":72,"passed_time":0.9067184843,"remaining_time":11.51408267},
{"learn":[0.5467300651],"iteration":73,"passed_time":0.9202125308,"remaining_time":11.51509194},
{"learn":[0.5423706359],"iteration":74,"passed_time":0.9333591589,"remaining_time":11.51142963},
{"learn":[0.537370321],"iteration":75,"passed_time":0.9410669988,"remaining_time":11.44139351},
{"learn":[0.5329851996],"iteration":76,"passed_time":0.9492202339,"remaining_time":11.37831527},
{"learn":[0.5291763458],"iteration":77,"passed_time":0.957029784,"remaining_time":11.31258283},
{"learn":[0.5253381104],"iteration":78,"passed_time":0.9652407002,"remaining_time":11.25299601},
{"learn":[0.5215091059],"iteration":79,"passed_time":0.9736697018,"remaining_time":11.19720157},
{"learn":[0.5172769436],"iteration":80,"passed_time":0.9827437128,"remaining_time":11.14989472},
{"learn":[0.5121726529],"iteration":81,"passed_time":0.9906027865,"remaining_time":11.089919},
{"learn":[0.5076840705],"iteration":82,"passed_time":0.9986670634,"remaining_time":11.03346623},
{"learn":[0.5037678605],"iteration":83,"passed_time":1.007810422,"remaining_time":10.9899327},
{"learn":[0.4988476101],"iteration":84,"passed_time":1.017041847,"remaining_time":10.94815635},
{"learn":[0.4947071588],"iteration":85,"passed_time":1.029393065,"remaining_time":10.94029374},
{"learn":[0.4924550348],"iteration":86,"passed_time":1.039752903,"remaining_time":10.91142989},
{"learn":[0.4886971872],"iteration":87,"passed_time":1.050213029,"remaining_time":10.88402594},
{"learn":[0.4841183724],"iteration":88,"passed_time":1.060910544,"remaining_time":10.85943264},
{"learn":[0.479048298],"iteration":89,"passed_time":1.071401647,"remaining_time":10.8330611},
{"learn":[0.4749572795],"iteration":90,"passed_time":1.080640319,"remaining_time":10.79452803},
{"learn":[0.4723492699],"iteration":91,"passed_time":1.093767895,"remaining_time":10.79501358},
{"learn":[0.4686517943],"iteration":92,"passed_time":1.10947041,"remaining_time":10.82031895},
{"learn":[0.4650508867],"iteration":93,"passed_time":1.120989071,"remaining_time":10.80442658},
{"learn":[0.4605793735],"iteration":94,"passed_time":1.135678934,"remaining_time":10.81883616},
{"learn":[0.4558820267],"iteration":95,"passed_time":1.150323463,"remaining_time":10.83221261},
{"learn":[0.4543454821],"iteration":96,"passed_time":1.164381168,"remaining_time":10.8395484},
{"learn":[0.4508975264],"iteration":97,"passed_time":1.177355592,"remaining_time":10.83647698},
{"learn":[0.4495947325],"iteration":98,"passed_time":1.188127795,"remaining_time":10.81316307},
{"learn":[0.4465427597],"iteration":99,"passed_time":1.202653382,"remaining_time":10.82388044},
{"learn":[0.4431967242],"iteration":100,"passed_time":1.215844811,"remaining_time":10.82222263},
{"learn":[0.4398076347],"iteration":101,"passed_time":1.227917261,"remaining_time":10.81048726},
{"learn":[0.43672995],"iteration":102,"passed_time":1.241770326,"remaining_time":10.81425226},
{"learn":[0.4335830867],"iteration":103,"passed_time":1.253395615,"remaining_time":10.7984853},
{"learn":[0.4302794765],"iteration":104,"passed_time":1.267454994,"remaining_time":10.80354495},
{"learn":[0.4280970021],"iteration":105,"passed_time":1.28081732,"remaining_time":10.80236494},
{"learn":[0.4252574825],"iteration":106,"passed_time":1.292204518,"remaining_time":10.78447322},
{"learn":[0.4219106036],"iteration":107,"passed_time":1.304958402,"remaining_time":10.77798976},
{"learn":[0.4176506481],"iteration":108,"passed_time":1.317432955,"remaining_time":10.76910792},
{"learn":[0.412928416],"iteration":109,"passed_time":1.325651861,"remaining_time":10.72572869},
{"learn":[0.4109039663],"iteration":110,"passed_time":1.336612688,"remaining_time":10.70494306},
{"learn":[0.4071194693],"iteration":111,"passed_time":1.346833244,"remaining_time":10.67846358},
{"learn":[0.4048503997],"iteration":112,"passed_time":1.356207542,"remaining_time":10.64562911},
{"learn":[0.4027902392],"iteration":113,"passed_time":1.364197492,"remaining_time":10.60244718},
{"learn":[0.399731006],"iteration":114,"passed_time":1.374685574,"remaining_time":10.57910203},
{"learn":[0.3967333349],"iteration":115,"passed_time":1.38323342,"remaining_time":10.54119261},
{"learn":[0.3938148664],"iteration":116,"passed_time":1.395705045,"remaining_time":10.5333979},
{"learn":[0.391811645],"iteration":117,"passed_time":1.403430871,"remaining_time":10.49005109},
{"learn":[0.3904174095],"iteration":118,"passed_time":1.413033007,"remaining_time":10.46119394},
{"learn":[0.3875888147],"iteration":119,"passed_time":1.426197421,"remaining_time":10.45878109},
{"learn":[0.3851255378],"iteration":120,"passed_time":1.435568731,"remaining_time":10.42863566},
{"learn":[0.3838055065],"iteration":121,"passed_time":1.444241539,"remaining_time":10.39380386},
{"learn":[0.3814963656],"iteration":122,"passed_time":1.455595102,"remaining_time":10.37851142},
{"learn":[0.3784195403],"iteration":123,"passed_time":1.463962212,"remaining_time":10.34218466},
{"learn":[0.3771135733],"iteration":124,"passed_time":1.474692506,"remaining_time":10.32284754},
{"learn":[0.3747209316],"iteration":125,"passed_time":1.484179158,"remaining_time":10.29502051},
{"learn":[0.3727507422],"iteration":126,"passed_time":1.493071457,"remaining_time":10.26339671},
{"learn":[0.3710158213],"iteration":127,"passed_time":1.503889563,"remaining_time":10.24524765},
{"learn":[0.3675574041],"iteration":128,"passed_time":1.515158862,"remaining_time":10.23025868},
{"learn":[0.3652115982],"iteration":129,"passed_time":1.52467857,"remaining_time":10.20361812},
{"learn":[0.3633440306],"iteration":130,"passed_time":1.537995944,"remaining_time":10.20243111},
{"learn":[0.3604350662],"iteration":131,"passed_time":1.549233021,"remaining_time":10.18738078},
{"learn":[0.3576324195],"iteration":132,"passed_time":1.559788741,"remaining_time":10.16794616},
{"learn":[0.3553321748],"iteration":133,"passed_time":1.568720592,"remaining_time":10.1381495},
{"learn":[0.3538068463],"iteration":134,"passed_time":1.578018272,"remaining_time":10.11100597},
{"learn":[0.351961849],"iteration":135,"passed_time":1.586053133,"remaining_time":10.07610226},
{"learn":[0.3501955806],"iteration":136,"passed_time":1.594048402,"remaining_time":10.04134139},
{"learn":[0.3474879447],"iteration":137,"passed_time":1.60164145,"remaining_time":10.00445601},
{"learn":[0.3455676719],"iteration":138,"passed_time":1.609353422,"remaining_time":9.968728753},
{"learn":[0.3429091069],"iteration":139,"passed_time":1.617404662,"remaining_time":9.935485781},
{"learn":[0.3401839818],"iteration":140,"passed_time":1.625452145,"remaining_time":9.902577254},
{"learn":[0.3377679191],"iteration":141,"passed_time":1.633328636,"remaining_time":9.8689857},
{"learn":[0.3353247004],"iteration":142,"passed_time":1.641072976,"remaining_time":9.834961824},
{"learn":[0.332553083],"iteration":143,"passed_time":1.651154723,"remaining_time":9.81519752},
{"learn":[0.3297156965],"iteration":144,"passed_time":1.660663607,"remaining_time":9.792188857},
{"learn":[0.3282248369],"iteration":145,"passed_time":1.670294581,"remaining_time":9.770079264},
{"learn":[0.325613664],"iteration":146,"passed_time":1.679839397,"remaining_time":9.747639493},
{"learn":[0.323108694],"iteration":147,"passed_time":1.691184281,"remaining_time":9.735736538},
{"learn":[0.3217755872],"iteration":148,"passed_time":1.700236319,"remaining_time":9.710745687},
{"learn":[0.3201512334],"iteration":149,"passed_time":1.709784788,"remaining_time":9.688780466},
{"learn":[0.3189753493],"iteration":150,"passed_time":1.717802464,"remaining_time":9.658372796},
{"learn":[0.3174555789],"iteration":151,"passed_time":1.729440729,"remaining_time":9.648458805},
{"learn":[0.3149523237],"iteration":152,"passed_time":1.738351946,"remaining_time":9.623425477},
{"learn":[0.3140188652],"iteration":153,"passed_time":1.747209957,"remaining_time":9.598309243},
{"learn":[0.3131502422],"iteration":154,"passed_time":1.755610387,"remaining_time":9.570908241},
{"learn":[0.3112177137],"iteration":155,"passed_time":1.765759569,"remaining_time":9.553212029},
{"learn":[0.309227788],"iteration":156,"passed_time":1.77554268,"remaining_time":9.533646365},
{"learn":[0.3078634062],"iteration":157,"passed_time":1.784984513,"remaining_time":9.512385823},
{"learn":[0.3057531513],"iteration":158,"passed_time":1.792710762,"remaining_time":9.48219969},
{"learn":[0.3038458939],"iteration":159,"passed_time":1.802423064,"remaining_time":9.462721088},
{"learn":[0.3026715681],"iteration":160,"passed_time":1.813303323,"remaining_time":9.449450238},
{"learn":[0.3005888399],"iteration":161,"passed_time":1.824020413,"remaining_time":9.435364852},
{"learn":[0.2991058244],"iteration":162,"passed_time":1.83487165,"remaining_time":9.422009638},
{"learn":[0.2984698286],"iteration":163,"passed_time":1.843162952,"remaining_time":9.395635537},
{"learn":[0.2971429715],"iteration":164,"passed_time":1.851310245,"remaining_time":9.368751846},
{"learn":[0.2953494031],"iteration":165,"passed_time":1.860416514,"remaining_time":9.346911884},
{"learn":[0.2935885066],"iteration":166,"passed_time":1.869599463,"remaining_time":9.325606902},
{"learn":[0.2918731891],"iteration":167,"passed_time":1.877809469,"remaining_time":9.299627845},
{"learn":[0.2896958524],"iteration":168,"passed_time":1.886531219,"remaining_time":9.276375403},
{"learn":[0.2882291243],"iteration":169,"passed_time":1.898744632,"remaining_time":9.270341438},
{"learn":[0.2860572654],"iteration":170,"passed_time":1.909556323,"remaining_time":9.257439718},
{"learn":[0.2842796481],"iteration":171,"passed_time":1.920560771,"remaining_time":9.245490222},
{"learn":[0.2827944103],"iteration":172,"passed_time":1.930404441,"remaining_time":9.228002731},
{"learn":[0.2810772999],"iteration":173,"passed_time":1.940157839,"remaining_time":9.210174568},
{"learn":[0.2790385696],"iteration":174,"passed_time":1.94921303,"remaining_time":9.189147141},
{"learn":[0.276784583],"iteration":175,"passed_time":1.95820393,"remaining_time":9.167954763},
{"learn":[0.2757246013],"iteration":176,"passed_time":1.968683852,"remaining_time":9.153823787},
{"learn":[0.2741598836],"iteration":177,"passed_time":1.977617619,"remaining_time":9.132593722},
{"learn":[0.2726427546],"iteration":178,"passed_time":1.987982025,"remaining_time":9.118062806},
{"learn":[0.2713187456],"iteration":179,"passed_time":1.998919416,"remaining_time":9.106188453},
{"learn":[0.2694909108],"iteration":180,"passed_time":2.00671676,"remaining_time":9.080116167},
{"learn":[0.2692272285],"iteration":181,"passed_time":2.015670342,"remaining_time":9.059441429},
{"learn":[0.2671350607],"iteration":182,"passed_time":2.025499099,"remaining_time":9.042801986},
{"learn":[0.2654873961],"iteration":183,"passed_time":2.034589357,"remaining_time":9.022961494},
{"learn":[0.2647261477],"iteration":184,"passed_time":2.045462932,"remaining_time":9.011093455},
{"learn":[0.2635890191],"iteration":185,"passed_time":2.057742999,"remaining_time":9.005391405},
{"learn":[0.2623459301],"iteration":186,"passed_time":2.07951536,"remaining_time":9.040887635},
{"learn":[0.2610228396],"iteration":187,"passed_time":2.092301586,"remaining_time":9.036962168},
{"learn":[0.2594473469],"iteration":188,"passed_time":2.102273512,"remaining_time":9.020866765},
{"learn":[0.2585379426],"iteration":189,"passed_time":2.113113337,"remaining_time":9.008535807},
{"learn":[0.2573745497],"iteration":190,"passed_time":2.122596278,"remaining_time":8.990473242},
{"learn":[0.256550187],"iteration":191,"passed_time":2.133764123,"remaining_time":8.979590683},
{"learn":[0.2552292594],"iteration":192,"passed_time":2.144302574,"remaining_time":8.966073457},
{"learn":[0.2538479979],"iteration":193,"passed_time":2.155012479,"remaining_time":8.95329927},
{"learn":[0.252957357],"iteration":194,"passed_time":2.166890684,"remaining_time":8.945369232},
{"learn":[0.2519576881],"iteration":195,"passed_time":2.179361278,"remaining_time":8.939828915},
{"learn":[0.2510992404],"iteration":196,"passed_time":2.189166775,"remaining_time":8.923354924},
{"learn":[0.2496474313],"iteration":197,"passed_time":2.198185301,"remaining_time":8.903760662},
{"learn":[0.2492384216],"iteration":198,"passed_time":2.207139298,"remaining_time":8.884012953},
{"learn":[0.2473974137],"iteration":199,"passed_time":2.217424947,"remaining_time":8.869699788},
{"learn":[0.2462208403],"iteration":200,"passed_time":2.229475112,"remaining_time":8.862440867},
{"learn":[0.2446909599],"iteration":201,"passed_time":2.243205346,"remaining_time":8.861771616},
{"learn":[0.2430512535],"iteration":202,"passed_time":2.253168747,"remaining_time":8.846184687},
{"learn":[0.2417368368],"iteration":203,"passed_time":2.263517072,"remaining_time":8.832154849},
{"learn":[0.2410449118],"iteration":204,"passed_time":2.27448416,"remaining_time":8.820560525},
{"learn":[0.2394162173],"iteration":205,"passed_time":2.287191258,"remaining_time":8.815678928},
{"learn":[0.2390620266],"iteration":206,"passed_time":2.298980164,"remaining_time":8.807204204},
{"learn":[0.2374626718],"iteration":207,"passed_time":2.309170169,"remaining_time":8.792609489},
{"learn":[0.2359920642],"iteration":208,"passed_time":2.318041473,"remaining_time":8.773066054},
{"learn":[0.2347920579],"iteration":209,"passed_time":2.326602429,"remaining_time":8.752456757},
{"learn":[0.2335360322],"iteration":210,"passed_time":2.337185565,"remaining_time":8.739523274},
{"learn":[0.2327829173],"iteration":211,"passed_time":2.34759267,"remaining_time":8.725957659},
{"learn":[0.2321589846],"iteration":212,"passed_time":2.357134801,"remaining_time":8.709225767},
{"learn":[0.2311523762],"iteration":213,"passed_time":2.365009274,"remaining_time":8.68643593},
{"learn":[0.2302684265],"iteration":214,"passed_time":2.376688766,"remaining_time":8.677677587},
{"learn":[0.2294219663],"iteration":215,"passed_time":2.385812971,"remaining_time":8.659617449},
{"learn":[0.22868239],"iteration":216,"passed_time":2.395405396,"remaining_time":8.643329147},
{"learn":[0.2274539557],"iteration":217,"passed_time":2.406874346,"remaining_time":8.633833665},
{"learn":[0.2262967356],"iteration":218,"passed_time":2.417946191,"remaining_time":8.622903998},
{"learn":[0.2252978597],"iteration":219,"passed_time":2.426868939,"remaining_time":8.604353512},
{"learn":[0.2241421969],"iteration":220,"passed_time":2.43716531,"remaining_time":8.590732021},
{"learn":[0.2229596451],"iteration":221,"passed_time":2.448466298,"remaining_time":8.580661171},
{"learn":[0.2213597541],"iteration":222,"passed_time":2.459772144,"remaining_time":8.570596215},
{"learn":[0.2203664287],"iteration":223,"passed_time":2.469640533,"remaining_time":8.555540418},
{"learn":[0.2192993139],"iteration":224,"passed_time":2.479266608,"remaining_time":8.539696095},
{"learn":[0.2183874655],"iteration":225,"passed_time":2.491183982,"remaining_time":8.531753991},
{"learn":[0.217626566],"iteration":226,"passed_time":2.505080339,"remaining_time":8.530515868},
{"learn":[0.2166170741],"iteration":227,"passed_time":2.51783939,"remaining_time":8.525315829},
{"learn":[0.2155003854],"iteration":228,"passed_time":2.530824526,"remaining_time":8.520810958},
{"learn":[0.214647885],"iteration":229,"passed_time":2.541185945,"remaining_time":8.507448598},
{"learn":[0.2138437396],"iteration":230,"passed_time":2.549586961,"remaining_time":8.487586032},
{"learn":[0.2125954124],"iteration":231,"passed_time":2.557468982,"remaining_time":8.466104215},
{"learn":[0.2112508902],"iteration":232,"passed_time":2.565694675,"remaining_time":8.445870454},
{"learn":[0.2104562322],"iteration":233,"passed_time":2.573457799,"remaining_time":8.424225102},
{"learn":[0.2094680135],"iteration":234,"passed_time":2.58294379,"remaining_time":8.40830638},
{"learn":[0.20763784],"iteration":235,"passed_time":2.593479118,"remaining_time":8.395839178},
{"learn":[0.2062493429],"iteration":236,"passed_time":2.602450499,"remaining_time":8.378353293},
{"learn":[0.2052676387],"iteration":237,"passed_time":2.61440957,"remaining_time":8.37050459},
{"learn":[0.2041775642],"iteration":238,"passed_time":2.625747602,"remaining_time":8.36064404},
{"learn":[0.2028559491],"iteration":239,"passed_time":2.635556664,"remaining_time":8.345929435},
{"learn":[0.2016800426],"iteration":240,"passed_time":2.64669443,"remaining_time":8.335440133},
{"learn":[0.2004767148],"iteration":241,"passed_time":2.656734623,"remaining_time":8.32150762},
{"learn":[0.199848404],"iteration":242,"passed_time":2.6664011,"remaining_time":8.306442931},
{"learn":[0.1987878758],"iteration":243,"passed_time":2.677774971,"remaining_time":8.296712616},
{"learn":[0.1981140679],"iteration":244,"passed_time":2.687816353,"remaining_time":8.282862638},
{"learn":[0.1974087646],"iteration":245,"passed_time":2.698336972,"remaining_time":8.270512507},
{"learn":[0.1968696939],"iteration":246,"passed_time":2.706056315,"remaining_time":8.249637269},
{"learn":[0.1961545044],"iteration":247,"passed_time":2.719401472,"remaining_time":8.245927043},
{"learn":[0.1957065496],"iteration":248,"passed_time":2.732492048,"remaining_time":8.241371599},
{"learn":[0.1949681334],"iteration":249,"passed_time":2.744727958,"remaining_time":8.234183873},
{"learn":[0.1939646466],"iteration":250,"passed_time":2.754186014,"remaining_time":8.21866663},
{"learn":[0.1936752146],"iteration":251,"passed_time":2.763191269,"remaining_time":8.20185345},
{"learn":[0.1929604219],"iteration":252,"passed_time":2.776828693,"remaining_time":8.198778789},
{"learn":[0.1917928877],"iteration":253,"passed_time":2.787404302,"remaining_time":8.186628384},
{"learn":[0.1910713908],"iteration":254,"passed_time":2.798553187,"remaining_time":8.176165194},
{"learn":[0.1899182045],"iteration":255,"passed_time":2.808602926,"remaining_time":8.162502255},
{"learn":[0.1890716484],"iteration":256,"passed_time":2.81833572,"remaining_time":8.147951129},
{"learn":[0.1881103607],"iteration":257,"passed_time":2.831641603,"remaining_time":8.143713446},
{"learn":[0.1870174746],"iteration":258,"passed_time":2.844401405,"remaining_time":8.137843401},
{"learn":[0.1859991594],"iteration":259,"passed_time":2.85586898,"remaining_time":8.128242482},
{"learn":[0.1849705606],"iteration":260,"passed_time":2.865684074,"remaining_time":8.113948393},
{"learn":[0.1844597584],"iteration":261,"passed_time":2.874464836,"remaining_time":8.096774997},
{"learn":[0.1840563468],"iteration":262,"passed_time":2.882980893,"remaining_time":8.078923644},
{"learn":[0.183245234],"iteration":263,"passed_time":2.890982034,"remaining_time":8.05970749},
{"learn":[0.1825018604],"iteration":264,"passed_time":2.900097749,"remaining_time":8.043667342},
{"learn":[0.1816050676],"iteration":265,"passed_time":2.907439968,"remaining_time":8.022785474},
{"learn":[0.1807085146],"iteration":266,"passed_time":2.919906167,"remaining_time":8.016071987},
{"learn":[0.1798520018],"iteration":267,"passed_time":2.92983694,"remaining_time":8.002390449},
{"learn":[0.1793080172],"iteration":268,"passed_time":2.937958664,"remaining_time":7.983820756},
{"learn":[0.1787441966],"iteration":269,"passed_time":2.947266662,"remaining_time":7.968535789},
{"learn":[0.1782297128],"iteration":270,"passed_time":2.957489374,"remaining_time":7.955755548},
{"learn":[0.1775031187],"iteration":271,"passed_time":2.966207793,"remaining_time":7.938967916},
{"learn":[0.1766949621],"iteration":272,"passed_time":2.973921634,"remaining_time":7.919564204},
{"learn":[0.1760012392],"iteration":273,"passed_time":2.983345197,"remaining_time":7.90477596},
{"learn":[0.1750507067],"iteration":274,"passed_time":2.990809253,"remaining_time":7.884860759},
{"learn":[0.1745779143],"iteration":275,"passed_time":3.000977109,"remaining_time":7.872128357},
{"learn":[0.1739013071],"iteration":276,"passed_time":3.008970208,"remaining_time":7.853738123},
{"learn":[0.1733364232],"iteration":277,"passed_time":3.018301989,"remaining_time":7.838899409},
{"learn":[0.1723332138],"iteration":278,"passed_time":3.028224582,"remaining_time":7.825626967},
{"learn":[0.1719686431],"iteration":279,"passed_time":3.038318167,"remaining_time":7.812818144},
{"learn":[0.1716522788],"iteration":280,"passed_time":3.0472859,"remaining_time":7.797147909},
{"learn":[0.1709369684],"iteration":281,"passed_time":3.057631683,"remaining_time":7.78503386},
{"learn":[0.1702690225],"iteration":282,"passed_time":3.066189186,"remaining_time":7.768401576},
{"learn":[0.1694686859],"iteration":283,"passed_time":3.075204859,"remaining_time":7.752981265},
{"learn":[0.1686134598],"iteration":284,"passed_time":3.083596275,"remaining_time":7.736039778},
{"learn":[0.1676551733],"iteration":285,"passed_time":3.091214771,"remaining_time":7.717228485},
{"learn":[0.1667958914],"iteration":286,"passed_time":3.100153212,"remaining_time":7.701774357},
{"learn":[0.1662983222],"iteration":287,"passed_time":3.109561625,"remaining_time":7.687527352},
{"learn":[0.1658001111],"iteration":288,"passed_time":3.118003588,"remaining_time":7.670936163},
{"learn":[0.16504331],"iteration":289,"passed_time":3.128336229,"remaining_time":7.659030079},
{"learn":[0.1643548492],"iteration":290,"passed_time":3.137798077,"remaining_time":7.645013185},
{"learn":[0.1637507433],"iteration":291,"passed_time":3.14642885,"remaining_time":7.629012418},
{"learn":[0.1631497674],"iteration":292,"passed_time":3.154204278,"remaining_time":7.610998036},
{"learn":[0.1623480256],"iteration":293,"passed_time":3.162225249,"remaining_time":7.593642944},
{"learn":[0.1617790939],"iteration":294,"passed_time":3.169867325,"remaining_time":7.575445641},
{"learn":[0.1614432025],"iteration":295,"passed_time":3.177522219,"remaining_time":7.557350141},
{"learn":[0.1611097194],"iteration":296,"passed_time":3.185258261,"remaining_time":7.539517028},
{"learn":[0.1605826483],"iteration":297,"passed_time":3.192840711,"remaining_time":7.521389862},
{"learn":[0.1599273312],"iteration":298,"passed_time":3.200745744,"remaining_time":7.504089521},
{"learn":[0.159469254],"iteration":299,"passed_time":3.210221178,"remaining_time":7.490516083},
{"learn":[0.1586647765],"iteration":300,"passed_time":3.218383886,"remaining_time":7.473921384},
{"learn":[0.1580872432],"iteration":301,"passed_time":3.226478088,"remaining_time":7.457224191},
{"learn":[0.1575556737],"iteration":302,"passed_time":3.234566309,"remaining_time":7.440570025},
{"learn":[0.1567241435],"iteration":303,"passed_time":3.242682216,"remaining_time":7.4240356},
{"learn":[0.1564722966],"iteration":304,"passed_time":3.250374414,"remaining_time":7.406590878},
{"learn":[0.156187235],"iteration":305,"passed_time":3.258088062,"remaining_time":7.389258546},
{"learn":[0.1559536162],"iteration":306,"passed_time":3.266082608,"remaining_time":7.372622956},
{"learn":[0.1553370017],"iteration":307,"passed_time":3.274215214,"remaining_time":7.356353663},
{"learn":[0.1545844244],"iteration":308,"passed_time":3.283600309,"remaining_time":7.342937908},
{"learn":[0.1538519154],"iteration":309,"passed_time":3.293164048,"remaining_time":7.329945785},
{"learn":[0.1533192132],"iteration":310,"passed_time":3.302920177,"remaining_time":7.317401936},
{"learn":[0.1527121941],"iteration":311,"passed_time":3.311997851,"remaining_time":7.303379876},
{"learn":[0.1523850019],"iteration":312,"passed_time":3.322281703,"remaining_time":7.292036836},
{"learn":[0.1519446266],"iteration":313,"passed_time":3.336076851,"remaining_time":7.288371718},
{"learn":[0.1515801292],"iteration":314,"passed_time":3.348235599,"remaining_time":7.281083763},
{"learn":[0.1508129502],"iteration":315,"passed_time":3.359015509,"remaining_time":7.270780405},
{"learn":[0.1503391314],"iteration":316,"passed_time":3.369208731,"remaining_time":7.259209978},
{"learn":[0.1496871981],"iteration":317,"passed_time":3.380656565,"remaining_time":7.250338923},
{"learn":[0.1492304047],"iteration":318,"passed_time":3.391686295,"remaining_time":7.240559145},
{"learn":[0.1486009193],"iteration":319,"passed_time":3.404103003,"remaining_time":7.233718881},
{"learn":[0.1480929281],"iteration":320,"passed_time":3.41513785,"remaining_time":7.223920872},
{"learn":[0.1474990049],"iteration":321,"passed_time":3.424827491,"remaining_time":7.21128273},
{"learn":[0.1473467025],"iteration":322,"passed_time":3.435286995,"remaining_time":7.200276457},
{"learn":[0.146682772],"iteration":323,"passed_time":3.444200894,"remaining_time":7.186048779},
{"learn":[0.1463150996],"iteration":324,"passed_time":3.454297842,"remaining_time":7.174310903},
{"learn":[0.1456342312],"iteration":325,"passed_time":3.46422902,"remaining_time":7.162240367},
{"learn":[0.1449052844],"iteration":326,"passed_time":3.471832058,"remaining_time":7.145391361},
{"learn":[0.1445149943],"iteration":327,"passed_time":3.479903791,"remaining_time":7.129558987},
{"learn":[0.1438058333],"iteration":328,"passed_time":3.487595635,"remaining_time":7.112999001},
{"learn":[0.143616886],"iteration":329,"passed_time":3.495233647,"remaining_time":7.096383465},
{"learn":[0.1426835939],"iteration":330,"passed_time":3.502870213,"remaining_time":7.079819251},
{"learn":[0.1421579148],"iteration":331,"passed_time":3.510546044,"remaining_time":7.063387824},
{"learn":[0.1417545417],"iteration":332,"passed_time":3.518099673,"remaining_time":7.04676421},
{"learn":[0.1414778363],"iteration":333,"passed_time":3.525668687,"remaining_time":7.030225586},
{"learn":[0.1409957583],"iteration":334,"passed_time":3.53361544,"remaining_time":7.014490351},
{"learn":[0.1404094258],"iteration":335,"passed_time":3.541397754,"remaining_time":6.998476513},
{"learn":[0.1399619156],"iteration":336,"passed_time":3.548809867,"remaining_time":6.98178321},
{"learn":[0.1393893539],"iteration":337,"passed_time":3.556438807,"remaining_time":6.965569498},
{"learn":[0.1389412683],"iteration":338,"passed_time":3.564099011,"remaining_time":6.949467393},
{"learn":[0.1385560166],"iteration":339,"passed_time":3.571968035,"remaining_time":6.933820304},
{"learn":[0.1381026217],"iteration":340,"passed_time":3.57954476,"remaining_time":6.917653951},
{"learn":[0.1376004716],"iteration":341,"passed_time":3.590021502,"remaining_time":6.907117393},
{"learn":[0.1369975563],"iteration":342,"passed_time":3.598693843,"remaining_time":6.89312494},
{"learn":[0.1367485378],"iteration":343,"passed_time":3.606431147,"remaining_time":6.877380327},
{"learn":[0.1364065228],"iteration":344,"passed_time":3.614066973,"remaining_time":6.861489471},
{"learn":[0.1360235484],"iteration":345,"passed_time":3.621870607,"remaining_time":6.845963518},
{"learn":[0.1351625264],"iteration":346,"passed_time":3.630579234,"remaining_time":6.832185128},
{"learn":[0.1344452847],"iteration":347,"passed_time":3.63853131,"remaining_time":6.817018432},
{"learn":[0.1341889029],"iteration":348,"passed_time":3.647420134,"remaining_time":6.803640422},
{"learn":[0.1337393405],"iteration":349,"passed_time":3.656276635,"remaining_time":6.790228036},
{"learn":[0.1334767756],"iteration":350,"passed_time":3.664381292,"remaining_time":6.775451448},
{"learn":[0.1329533669],"iteration":351,"passed_time":3.672930146,"remaining_time":6.761530497},
{"learn":[0.1324810391],"iteration":352,"passed_time":3.680734283,"remaining_time":6.746275018},
{"learn":[0.1321785728],"iteration":353,"passed_time":3.688723145,"remaining_time":6.731398734},
{"learn":[0.1317366213],"iteration":354,"passed_time":3.697533386,"remaining_time":6.718053617},
{"learn":[0.131306591],"iteration":355,"passed_time":3.705677676,"remaining_time":6.703529279},
{"learn":[0.130710599],"iteration":356,"passed_time":3.715098555,"remaining_time":6.691339974},
{"learn":[0.1303895236],"iteration":357,"passed_time":3.72276877,"remaining_time":6.676026676},
{"learn":[0.1297379163],"iteration":358,"passed_time":3.731247876,"remaining_time":6.662200247},
{"learn":[0.1292728531],"iteration":359,"passed_time":3.739009963,"remaining_time":6.647128823},
{"learn":[0.1289585958],"iteration":360,"passed_time":3.748186249,"remaining_time":6.634601145},
{"learn":[0.1287384936],"iteration":361,"passed_time":3.755924521,"remaining_time":6.619557581},
{"learn":[0.1283275213],"iteration":362,"passed_time":3.765060554,"remaining_time":6.607007087},
{"learn":[0.1278420843],"iteration":363,"passed_time":3.774180679,"remaining_time":6.594447561},
{"learn":[0.1273041446],"iteration":364,"passed_time":3.781695182,"remaining_time":6.579113536},
{"learn":[0.1270205806],"iteration":365,"passed_time":3.788914977,"remaining_time":6.563311736},
{"learn":[0.1264473503],"iteration":366,"passed_time":3.796600797,"remaining_time":6.548360502},
{"learn":[0.125997798],"iteration":367,"passed_time":3.804223108,"remaining_time":6.533339685},
{"learn":[0.125668971],"iteration":368,"passed_time":3.811926806,"remaining_time":6.518498142},
{"learn":[0.1251876448],"iteration":369,"passed_time":3.819492172,"remaining_time":6.503459644},
{"learn":[0.1247714099],"iteration":370,"passed_time":3.826879744,"remaining_time":6.488159998},
{"learn":[0.1245091873],"iteration":371,"passed_time":3.836063343,"remaining_time":6.475934891},
{"learn":[0.1240503492],"iteration":372,"passed_time":3.846932145,"remaining_time":6.466558861},
{"learn":[0.1235509626],"iteration":373,"passed_time":3.85455772,"remaining_time":6.451746345},
{"learn":[0.123182211],"iteration":374,"passed_time":3.862615813,"remaining_time":6.437693022},
{"learn":[0.1226610519],"iteration":375,"passed_time":3.8701655,"remaining_time":6.42282785},
{"learn":[0.1221273856],"iteration":376,"passed_time":3.878066358,"remaining_time":6.408581806},
{"learn":[0.1215171188],"iteration":377,"passed_time":3.88576587,"remaining_time":6.394038019},
{"learn":[0.1210114965],"iteration":378,"passed_time":3.893179374,"remaining_time":6.379061719},
{"learn":[0.1205729375],"iteration":379,"passed_time":3.900948099,"remaining_time":6.364704794},
{"learn":[0.1199069908],"iteration":380,"passed_time":3.909031895,"remaining_time":6.350894338},
{"learn":[0.1195478339],"iteration":381,"passed_time":3.917179856,"remaining_time":6.337217673},
{"learn":[0.1192956129],"iteration":382,"passed_time":3.925158555,"remaining_time":6.323297203},
{"learn":[0.1190539019],"iteration":383,"passed_time":3.932678192,"remaining_time":6.308671266},
{"learn":[0.1185533743],"iteration":384,"passed_time":3.940628329,"remaining_time":6.294769929},
{"learn":[0.1179510077],"iteration":385,"passed_time":3.948185138,"remaining_time":6.280273769},
{"learn":[0.1175727042],"iteration":386,"passed_time":3.956035966,"remaining_time":6.266279192},
{"learn":[0.1174460014],"iteration":387,"passed_time":3.96407118,"remaining_time":6.252607119},
{"learn":[0.1172215261],"iteration":388,"passed_time":3.971880728,"remaining_time":6.238609576},
{"learn":[0.117061321],"iteration":389,"passed_time":3.979172899,"remaining_time":6.223834534},
{"learn":[0.1168609662],"iteration":390,"passed_time":3.986743337,"remaining_time":6.209531182},
{"learn":[0.1166196826],"iteration":391,"passed_time":3.994339693,"remaining_time":6.195302381},
{"learn":[0.1161589517],"iteration":392,"passed_time":4.001930087,"remaining_time":6.181098125},
{"learn":[0.1158506284],"iteration":393,"passed_time":4.010112345,"remaining_time":6.16783777},
{"learn":[0.115681106],"iteration":394,"passed_time":4.017688103,"remaining_time":6.153674184},
{"learn":[0.1152990497],"iteration":395,"passed_time":4.025073916,"remaining_time":6.139254155},
{"learn":[0.1149372658],"iteration":396,"passed_time":4.032812616,"remaining_time":6.125405561},
{"learn":[0.1146493505],"iteration":397,"passed_time":4.040536789,"remaining_time":6.111565697},
{"learn":[0.1143180325],"iteration":398,"passed_time":4.048209125,"remaining_time":6.097678407},
{"learn":[0.1138607419],"iteration":399,"passed_time":4.055601659,"remaining_time":6.083402489},
{"learn":[0.1136828412],"iteration":400,"passed_time":4.063000615,"remaining_time":6.069170494},
{"learn":[0.1132596675],"iteration":401,"passed_time":4.071139043,"remaining_time":6.056072507},
{"learn":[0.1129161483],"iteration":402,"passed_time":4.078751238,"remaining_time":6.042219576},
{"learn":[0.1125577064],"iteration":403,"passed_time":4.086172857,"remaining_time":6.028116392},
{"learn":[0.1122583012],"iteration":404,"passed_time":4.093591958,"remaining_time":6.014042507},
{"learn":[0.1119653636],"iteration":405,"passed_time":4.101574524,"remaining_time":6.000825782},
{"learn":[0.1116102539],"iteration":406,"passed_time":4.109106939,"remaining_time":5.986978906},
{"learn":[0.1112652042],"iteration":407,"passed_time":4.116783174,"remaining_time":5.973371664},
{"learn":[0.1108893771],"iteration":408,"passed_time":4.124379025,"remaining_time":5.95967727},
{"learn":[0.1104998504],"iteration":409,"passed_time":4.132038115,"remaining_time":5.946103629},
{"learn":[0.11021497],"iteration":410,"passed_time":4.139744784,"remaining_time":5.932626953},
{"learn":[0.1098298491],"iteration":411,"passed_time":4.147314017,"remaining_time":5.918982141},
{"learn":[0.10958997],"iteration":412,"passed_time":4.154998449,"remaining_time":5.905530483},
{"learn":[0.1093521569],"iteration":413,"passed_time":4.16559437,"remaining_time":5.89622778},
{"learn":[0.1090613433],"iteration":414,"passed_time":4.175251792,"remaining_time":5.885595899},
{"learn":[0.1089361312],"iteration":415,"passed_time":4.182929405,"remaining_time":5.872189357},
{"learn":[0.1086571166],"iteration":416,"passed_time":4.19074986,"remaining_time":5.859009996},
{"learn":[0.1084904417],"iteration":417,"passed_time":4.198331846,"remaining_time":5.845524245},
{"learn":[0.108117345],"iteration":418,"passed_time":4.20622451,"remaining_time":5.832497471},
{"learn":[0.1078642818],"iteration":419,"passed_time":4.215875898,"remaining_time":5.821923859},
{"learn":[0.1075061828],"iteration":420,"passed_time":4.223460328,"remaining_time":5.808511948},
{"learn":[0.107307253],"iteration":421,"passed_time":4.231369046,"remaining_time":5.795571821},
{"learn":[0.1069556988],"iteration":422,"passed_time":4.239079402,"remaining_time":5.782384906},
{"learn":[0.1065117549],"iteration":423,"passed_time":4.250207158,"remaining_time":5.773866328},
{"learn":[0.1063697078],"iteration":424,"passed_time":4.258011783,"remaining_time":5.760839471},
{"learn":[0.1061463344],"iteration":425,"passed_time":4.265609817,"remaining_time":5.747558767},
{"learn":[0.1058553417],"iteration":426,"passed_time":4.273631846,"remaining_time":5.734873648},
{"learn":[0.1053837208],"iteration":427,"passed_time":4.281491333,"remaining_time":5.72199309},
{"learn":[0.1051046386],"iteration":428,"passed_time":4.289255301,"remaining_time":5.709008804},
{"learn":[0.1047778164],"iteration":429,"passed_time":4.296903197,"remaining_time":5.695894935},
{"learn":[0.1044486393],"iteration":430,"passed_time":4.304503815,"remaining_time":5.682744016},
{"learn":[0.1041826096],"iteration":431,"passed_time":4.31212017,"remaining_time":5.669639483},
{"learn":[0.1038107949],"iteration":432,"passed_time":4.319863135,"remaining_time":5.656726092},
{"learn":[0.1034715851],"iteration":433,"passed_time":4.327283169,"remaining_time":5.643415377},
{"learn":[0.1031424066],"iteration":434,"passed_time":4.335647194,"remaining_time":5.631357849},
{"learn":[0.1027906115],"iteration":435,"passed_time":4.343314722,"remaining_time":5.618416292},
{"learn":[0.1023457531],"iteration":436,"passed_time":4.351011071,"remaining_time":5.605536003},
{"learn":[0.1021033827],"iteration":437,"passed_time":4.359538021,"remaining_time":5.593745132},
{"learn":[0.1019117082],"iteration":438,"passed_time":4.367374105,"remaining_time":5.581086271},
{"learn":[0.1016836778],"iteration":439,"passed_time":4.374926251,"remaining_time":5.568087956},
{"learn":[0.1014071677],"iteration":440,"passed_time":4.38249225,"remaining_time":5.5551319},
{"learn":[0.1011645724],"iteration":441,"passed_time":4.389963925,"remaining_time":5.542081154},
{"learn":[0.1009374218],"iteration":442,"passed_time":4.39797348,"remaining_time":5.529731893},
{"learn":[0.1006123166],"iteration":443,"passed_time":4.405934542,"remaining_time":5.517341453},
{"learn":[0.1004334882],"iteration":444,"passed_time":4.413981579,"remaining_time":5.505078149},
{"learn":[0.100114564],"iteration":445,"passed_time":4.424538729,"remaining_time":5.495951695},
{"learn":[0.09972204292],"iteration":446,"passed_time":4.432341483,"remaining_time":5.483411275},
{"learn":[0.09944350915],"iteration":447,"passed_time":4.440556594,"remaining_time":5.471400089},
{"learn":[0.09931519698],"iteration":448,"passed_time":4.448382841,"remaining_time":5.458928609},
{"learn":[0.09895985866],"iteration":449,"passed_time":4.456087299,"remaining_time":5.446328921},
{"learn":[0.09859107123],"iteration":450,"passed_time":4.464931542,"remaining_time":5.435138396},
{"learn":[0.09827797151],"iteration":451,"passed_time":4.472590029,"remaining_time":5.422520655},
{"learn":[0.09808756915],"iteration":452,"passed_time":4.480295957,"remaining_time":5.409982094},
{"learn":[0.09782993447],"iteration":453,"passed_time":4.487653897,"remaining_time":5.397046316},
{"learn":[0.09749105663],"iteration":454,"passed_time":4.495380582,"remaining_time":5.384576741},
{"learn":[0.09722433116],"iteration":455,"passed_time":4.503028435,"remaining_time":5.372033923},
{"learn":[0.09704670273],"iteration":456,"passed_time":4.510514676,"remaining_time":5.359320501},
{"learn":[0.09672625607],"iteration":457,"passed_time":4.518023117,"remaining_time":5.346656178},
{"learn":[0.09645424924],"iteration":458,"passed_time":4.525662044,"remaining_time":5.334168117},
{"learn":[0.09621214971],"iteration":459,"passed_time":4.533669269,"remaining_time":5.32213349},
{"learn":[0.09613515432],"iteration":460,"passed_time":4.543180125,"remaining_time":5.311874376},
{"learn":[0.0957052308],"iteration":461,"passed_time":4.550691629,"remaining_time":5.299290252},
{"learn":[0.09547921955],"iteration":462,"passed_time":4.558625667,"remaining_time":5.287218106},
{"learn":[0.09514950861],"iteration":463,"passed_time":4.566714684,"remaining_time":5.275342824},
{"learn":[0.09487482507],"iteration":464,"passed_time":4.574205822,"remaining_time":5.262795945},
{"learn":[0.09456352931],"iteration":465,"passed_time":4.582019837,"remaining_time":5.250640758},
{"learn":[0.09426587398],"iteration":466,"passed_time":4.589799611,"remaining_time":5.23846508},
{"learn":[0.09409911192],"iteration":467,"passed_time":4.597245864,"remaining_time":5.225929059},
{"learn":[0.09395886541],"iteration":468,"passed_time":4.608446009,"remaining_time":5.217664884},
{"learn":[0.09357485744],"iteration":469,"passed_time":4.618189504,"remaining_time":5.207745611},
{"learn":[0.09340724704],"iteration":470,"passed_time":4.629848336,"remaining_time":5.19997828},
{"learn":[0.09318776444],"iteration":471,"passed_time":4.640329073,"remaining_time":5.19087659},
{"learn":[0.09282075753],"iteration":472,"passed_time":4.65392256,"remaining_time":5.185237186},
{"learn":[0.09262037641],"iteration":473,"passed_time":4.664000413,"remaining_time":5.175662906},
{"learn":[0.09226313742],"iteration":474,"passed_time":4.675513977,"remaining_time":5.167673343},
{"learn":[0.09212247607],"iteration":475,"passed_time":4.687121823,"remaining_time":5.159772763},
{"learn":[0.09185517881],"iteration":476,"passed_time":4.697833282,"remaining_time":5.150873808},
{"learn":[0.09173326609],"iteration":477,"passed_time":4.709789063,"remaining_time":5.143326132},
{"learn":[0.09144631144],"iteration":478,"passed_time":4.71855789,"remaining_time":5.132293655},
{"learn":[0.09128207806],"iteration":479,"passed_time":4.726495,"remaining_time":5.120369583},
{"learn":[0.091093477],"iteration":480,"passed_time":4.734344952,"remaining_time":5.108368046},
{"learn":[0.0908996917],"iteration":481,"passed_time":4.742266146,"remaining_time":5.096460298},
{"learn":[0.09060803386],"iteration":482,"passed_time":4.750281743,"remaining_time":5.084670106},
{"learn":[0.09027948517],"iteration":483,"passed_time":4.757817321,"remaining_time":5.072383755},
{"learn":[0.09003184095],"iteration":484,"passed_time":4.765753212,"remaining_time":5.06054207},
{"learn":[0.08985578904],"iteration":485,"passed_time":4.773577609,"remaining_time":5.048598541},
{"learn":[0.08961559234],"iteration":486,"passed_time":4.781294529,"remaining_time":5.036558713},
{"learn":[0.08928071412],"iteration":487,"passed_time":4.789006638,"remaining_time":5.024531554},
{"learn":[0.08914676827],"iteration":488,"passed_time":4.796964389,"remaining_time":5.012778737},
{"learn":[0.0888601007],"iteration":489,"passed_time":4.804898352,"remaining_time":5.001016652},
{"learn":[0.08861204304],"iteration":490,"passed_time":4.812687219,"remaining_time":4.989119744},
{"learn":[0.0884598142],"iteration":491,"passed_time":4.820215085,"remaining_time":4.976970047},
{"learn":[0.08826836991],"iteration":492,"passed_time":4.828783471,"remaining_time":4.965909168},
{"learn":[0.08804347601],"iteration":493,"passed_time":4.836678169,"remaining_time":4.954168327},
{"learn":[0.08777881041],"iteration":494,"passed_time":4.844355358,"remaining_time":4.942221123},
{"learn":[0.08755807148],"iteration":495,"passed_time":4.851951204,"remaining_time":4.930208481},
{"learn":[0.08735931876],"iteration":496,"passed_time":4.859442537,"remaining_time":4.91810784},
{"learn":[0.08713782317],"iteration":497,"passed_time":4.866915931,"remaining_time":4.906007626},
{"learn":[0.08685646292],"iteration":498,"passed_time":4.874605951,"remaining_time":4.89414345},
{"learn":[0.0866679399],"iteration":499,"passed_time":4.882187228,"remaining_time":4.882187228},
{"learn":[0.08637813697],"iteration":500,"passed_time":4.889902651,"remaining_time":4.870382081},
{"learn":[0.0861960436],"iteration":501,"passed_time":4.898738994,"remaining_time":4.859705217},
{"learn":[0.08602281484],"iteration":502,"passed_time":4.907283165,"remaining_time":4.848746984},
{"learn":[0.08579985399],"iteration":503,"passed_time":4.916018594,"remaining_time":4.837986553},
{"learn":[0.08546805385],"iteration":504,"passed_time":4.923557071,"remaining_time":4.826060891},
{"learn":[0.08521120197],"iteration":505,"passed_time":4.931028222,"remaining_time":4.814086841},
{"learn":[0.08500786734],"iteration":506,"passed_time":4.938734103,"remaining_time":4.802358802},
{"learn":[0.08470886345],"iteration":507,"passed_time":4.946596718,"remaining_time":4.790798396},
{"learn":[0.08449573368],"iteration":508,"passed_time":4.954078853,"remaining_time":4.778885494},
{"learn":[0.08425720152],"iteration":509,"passed_time":4.961647999,"remaining_time":4.767073567},
{"learn":[0.08406948559],"iteration":510,"passed_time":4.969299952,"remaining_time":4.755357488},
{"learn":[0.08369317525],"iteration":511,"passed_time":4.976769924,"remaining_time":4.743483834},
{"learn":[0.08353275261],"iteration":512,"passed_time":4.984724673,"remaining_time":4.732087555},
{"learn":[0.08337334965],"iteration":513,"passed_time":4.992262799,"remaining_time":4.72031074},
{"learn":[0.08313933288],"iteration":514,"passed_time":5.000195581,"remaining_time":4.708922052},
{"learn":[0.08285111214],"iteration":515,"passed_time":5.008151539,"remaining_time":4.697568498},
{"learn":[0.08264550987],"iteration":516,"passed_time":5.015797705,"remaining_time":4.685938668},
{"learn":[0.0824644596],"iteration":517,"passed_time":5.02355754,"remaining_time":4.674429989},
{"learn":[0.08224158546],"iteration":518,"passed_time":5.030986075,"remaining_time":4.662628713},
{"learn":[0.08188678599],"iteration":519,"passed_time":5.038734491,"remaining_time":4.65113953},
{"learn":[0.08161230532],"iteration":520,"passed_time":5.046090812,"remaining_time":4.639304221},
{"learn":[0.08140350665],"iteration":521,"passed_time":5.053737416,"remaining_time":4.627751886},
{"learn":[0.08124719652],"iteration":522,"passed_time":5.061492946,"remaining_time":4.616313834},
{"learn":[0.08110034138],"iteration":523,"passed_time":5.069224103,"remaining_time":4.604867696},
{"learn":[0.08084412953],"iteration":524,"passed_time":5.076847398,"remaining_time":4.593338122},
{"learn":[0.08059183038],"iteration":525,"passed_time":5.084614079,"remaining_time":4.581952611},
{"learn":[0.08035280296],"iteration":526,"passed_time":5.092267635,"remaining_time":4.5704793},
{"learn":[0.08007484169],"iteration":527,"passed_time":5.101290653,"remaining_time":4.560244674},
{"learn":[0.07995546286],"iteration":528,"passed_time":5.108886677,"remaining_time":4.548744093},
{"learn":[0.07985554436],"iteration":529,"passed_time":5.116489495,"remaining_time":4.537264269},
{"learn":[0.07966829771],"iteration":530,"passed_time":5.123818373,"remaining_time":4.525557094},
{"learn":[0.07943374983],"iteration":531,"passed_time":5.131720801,"remaining_time":4.51437093},
{"learn":[0.07932532074],"iteration":532,"passed_time":5.139555668,"remaining_time":4.503137893},
{"learn":[0.07914386638],"iteration":533,"passed_time":5.147686574,"remaining_time":4.492175924},
{"learn":[0.07897627907],"iteration":534,"passed_time":5.155288854,"remaining_time":4.480765079},
{"learn":[0.07873619746],"iteration":535,"passed_time":5.162819465,"remaining_time":4.469306402},
{"learn":[0.07854041219],"iteration":536,"passed_time":5.17098301,"remaining_time":4.45840807},
{"learn":[0.07831912724],"iteration":537,"passed_time":5.178574421,"remaining_time":4.447028592},
{"learn":[0.0781663567],"iteration":538,"passed_time":5.186211567,"remaining_time":4.435702286},
{"learn":[0.07800805261],"iteration":539,"passed_time":5.193906595,"remaining_time":4.424438952},
{"learn":[0.07777751301],"iteration":540,"passed_time":5.204971694,"remaining_time":4.416048073},
{"learn":[0.0775574656],"iteration":541,"passed_time":5.212901291,"remaining_time":4.40499777},
{"learn":[0.07737081105],"iteration":542,"passed_time":5.220119795,"remaining_time":4.39336049},
{"learn":[0.07712380173],"iteration":543,"passed_time":5.227931744,"remaining_time":4.382236903},
{"learn":[0.0770259104],"iteration":544,"passed_time":5.235920473,"remaining_time":4.371273056},
{"learn":[0.07683013033],"iteration":545,"passed_time":5.243593544,"remaining_time":4.360057635},
{"learn":[0.07654607735],"iteration":546,"passed_time":5.250852957,"remaining_time":4.348512595},
{"learn":[0.07639119231],"iteration":547,"passed_time":5.258262541,"remaining_time":4.337107059},
{"learn":[0.07633724845],"iteration":548,"passed_time":5.266168335,"remaining_time":4.326123714},
{"learn":[0.0761139658],"iteration":549,"passed_time":5.273640658,"remaining_time":4.314796902},
{"learn":[0.07595014566],"iteration":550,"passed_time":5.281358943,"remaining_time":4.30368451},
{"learn":[0.07580375404],"iteration":551,"passed_time":5.288896813,"remaining_time":4.292437994},
{"learn":[0.0755237265],"iteration":552,"passed_time":5.296948747,"remaining_time":4.281620416},
{"learn":[0.07534169963],"iteration":553,"passed_time":5.305516048,"remaining_time":4.271227721},
{"learn":[0.07530286018],"iteration":554,"passed_time":5.31347556,"remaining_time":4.260354278},
{"learn":[0.07508201631],"iteration":555,"passed_time":5.321112223,"remaining_time":4.249233502},
{"learn":[0.07497169391],"iteration":556,"passed_time":5.328766441,"remaining_time":4.238139198},
{"learn":[0.07480265775],"iteration":557,"passed_time":5.336509345,"remaining_time":4.227127474},
{"learn":[0.07455999645],"iteration":558,"passed_time":5.344272424,"remaining_time":4.216143361},
{"learn":[0.07436601999],"iteration":559,"passed_time":5.351750985,"remaining_time":4.204947202},
{"learn":[0.0741123699],"iteration":560,"passed_time":5.359288106,"remaining_time":4.193810122},
{"learn":[0.07389339776],"iteration":561,"passed_time":5.367340608,"remaining_time":4.18308752},
{"learn":[0.07374026383],"iteration":562,"passed_time":5.375133182,"remaining_time":4.172172647},
{"learn":[0.07354482036],"iteration":563,"passed_time":5.382399674,"remaining_time":4.160862159},
{"learn":[0.07335061146],"iteration":564,"passed_time":5.389786924,"remaining_time":4.149658959},
{"learn":[0.07320162433],"iteration":565,"passed_time":5.397221395,"remaining_time":4.138505451},
{"learn":[0.07288549042],"iteration":566,"passed_time":5.404726613,"remaining_time":4.127419089},
{"learn":[0.07274944973],"iteration":567,"passed_time":5.412476299,"remaining_time":4.11653127},
{"learn":[0.07265966085],"iteration":568,"passed_time":5.420331003,"remaining_time":4.105734029},
{"learn":[0.07252291797],"iteration":569,"passed_time":5.427935266,"remaining_time":4.094758183},
{"learn":[0.07239256815],"iteration":570,"passed_time":5.435958229,"remaining_time":4.084108722},
{"learn":[0.07216262121],"iteration":571,"passed_time":5.443578822,"remaining_time":4.07316737},
{"learn":[0.07198002407],"iteration":572,"passed_time":5.451040203,"remaining_time":4.062118965},
{"learn":[0.07192664071],"iteration":573,"passed_time":5.458551392,"remaining_time":4.051120023},
{"learn":[0.07172210526],"iteration":574,"passed_time":5.466177084,"remaining_time":4.040217845},
{"learn":[0.07160441034],"iteration":575,"passed_time":5.473773239,"remaining_time":4.029305301},
{"learn":[0.07144971698],"iteration":576,"passed_time":5.481570203,"remaining_time":4.018551466},
{"learn":[0.07122643086],"iteration":577,"passed_time":5.489481455,"remaining_time":4.007891305},
{"learn":[0.07106665597],"iteration":578,"passed_time":5.497383844,"remaining_time":3.997234194},
{"learn":[0.07088566086],"iteration":579,"passed_time":5.504839288,"remaining_time":3.986262933},
{"learn":[0.070700448],"iteration":580,"passed_time":5.512495141,"remaining_time":3.975448303},
{"learn":[0.07056839886],"iteration":581,"passed_time":5.520224511,"remaining_time":3.964697329},
{"learn":[0.0704400788],"iteration":582,"passed_time":5.527896422,"remaining_time":3.953915622},
{"learn":[0.07029356204],"iteration":583,"passed_time":5.535545025,"remaining_time":3.943127963},
{"learn":[0.07008585166],"iteration":584,"passed_time":5.543504967,"remaining_time":3.932571899},
{"learn":[0.0698791174],"iteration":585,"passed_time":5.551025597,"remaining_time":3.921714329},
{"learn":[0.06971144238],"iteration":586,"passed_time":5.558669779,"remaining_time":3.910955057},
{"learn":[0.06955219945],"iteration":587,"passed_time":5.566536638,"remaining_time":3.900362406},
{"learn":[0.06944606936],"iteration":588,"passed_time":5.574436018,"remaining_time":3.889801703},
{"learn":[0.06918927525],"iteration":589,"passed_time":5.582569532,"remaining_time":3.879412725},
{"learn":[0.06909688854],"iteration":590,"passed_time":5.59025486,"remaining_time":3.868721214},
{"learn":[0.06890163872],"iteration":591,"passed_time":5.599294053,"remaining_time":3.858972928},
{"learn":[0.0686955873],"iteration":592,"passed_time":5.610485539,"remaining_time":3.85070424},
{"learn":[0.06851355317],"iteration":593,"passed_time":5.618716052,"remaining_time":3.840401881},
{"learn":[0.06827660295],"iteration":594,"passed_time":5.627896974,"remaining_time":3.830753402},
{"learn":[0.06817670322],"iteration":595,"passed_time":5.636339794,"remaining_time":3.820606169},
{"learn":[0.06811426799],"iteration":596,"passed_time":5.646373819,"remaining_time":3.811538775},
{"learn":[0.06806119974],"iteration":597,"passed_time":5.654088447,"remaining_time":3.800908956},
{"learn":[0.06795323882],"iteration":598,"passed_time":5.664121609,"remaining_time":3.79184101},
{"learn":[0.06777586247],"iteration":599,"passed_time":5.673188777,"remaining_time":3.782125851},
{"learn":[0.06767690273],"iteration":600,"passed_time":5.680876174,"remaining_time":3.771496828},
{"learn":[0.06749520181],"iteration":601,"passed_time":5.689570025,"remaining_time":3.761542973},
{"learn":[0.06738904545],"iteration":602,"passed_time":5.697732069,"remaining_time":3.75124317},
{"learn":[0.06720812055],"iteration":603,"passed_time":5.707147946,"remaining_time":3.741772494},
{"learn":[0.06705051042],"iteration":604,"passed_time":5.717062681,"remaining_time":3.732627701},
{"learn":[0.06688041954],"iteration":605,"passed_time":5.724934253,"remaining_time":3.722151973},
{"learn":[0.06671498612],"iteration":606,"passed_time":5.73293437,"remaining_time":3.711768052},
{"learn":[0.06656330151],"iteration":607,"passed_time":5.740579099,"remaining_time":3.70116284},
{"learn":[0.06639899318],"iteration":608,"passed_time":5.748200312,"remaining_time":3.690552253},
{"learn":[0.06615871286],"iteration":609,"passed_time":5.756015369,"remaining_time":3.6800754},
{"learn":[0.0659825274],"iteration":610,"passed_time":5.76373522,"remaining_time":3.669546646},
{"learn":[0.06584920351],"iteration":611,"passed_time":5.771636928,"remaining_time":3.659142366},
{"learn":[0.06566493048],"iteration":612,"passed_time":5.779107483,"remaining_time":3.648474055},
{"learn":[0.06541611838],"iteration":613,"passed_time":5.786836863,"remaining_time":3.637978875},
{"learn":[0.06531766741],"iteration":614,"passed_time":5.795202772,"remaining_time":3.627891166},
{"learn":[0.06515958494],"iteration":615,"passed_time":5.803537478,"remaining_time":3.617789597},
{"learn":[0.06503081346],"iteration":616,"passed_time":5.813019301,"remaining_time":3.608405822},
{"learn":[0.06488998208],"iteration":617,"passed_time":5.820435349,"remaining_time":3.597744827},
{"learn":[0.06472239506],"iteration":618,"passed_time":5.830107016,"remaining_time":3.588482671},
{"learn":[0.06457856847],"iteration":619,"passed_time":5.838255942,"remaining_time":3.5782859},
{"learn":[0.06445279555],"iteration":620,"passed_time":5.850049667,"remaining_time":3.570320167},
{"learn":[0.06427859434],"iteration":621,"passed_time":5.860053889,"remaining_time":3.561254614},
{"learn":[0.06408377586],"iteration":622,"passed_time":5.869890869,"remaining_time":3.552084844},
{"learn":[0.06398471293],"iteration":623,"passed_time":5.878434131,"remaining_time":3.542133387},
{"learn":[0.06395334093],"iteration":624,"passed_time":5.887539918,"remaining_time":3.532523951},
{"learn":[0.06375863694],"iteration":625,"passed_time":5.895491395,"remaining_time":3.522226489},
{"learn":[0.06366850517],"iteration":626,"passed_time":5.904935363,"remaining_time":3.512824386},
{"learn":[0.06353708135],"iteration":627,"passed_time":5.915240858,"remaining_time":3.503932483},
{"learn":[0.06339267488],"iteration":628,"passed_time":5.922948294,"remaining_time":3.493503684},
{"learn":[0.06325723815],"iteration":629,"passed_time":5.93123759,"remaining_time":3.483425252},
{"learn":[0.06310896792],"iteration":630,"passed_time":5.938992369,"remaining_time":3.473039912},
{"learn":[0.0629304532],"iteration":631,"passed_time":5.946668789,"remaining_time":3.46261727},
{"learn":[0.06276582547],"iteration":632,"passed_time":5.954644106,"remaining_time":3.452376599},
{"learn":[0.0626095604],"iteration":633,"passed_time":5.96234327,"remaining_time":3.441983654},
{"learn":[0.06248149728],"iteration":634,"passed_time":5.970181321,"remaining_time":3.431679027},
{"learn":[0.06235281309],"iteration":635,"passed_time":5.977865672,"remaining_time":3.42129419},
{"learn":[0.06222812472],"iteration":636,"passed_time":5.985399474,"remaining_time":3.410832039},
{"learn":[0.0621368757],"iteration":637,"passed_time":5.993037309,"remaining_time":3.400438097},
{"learn":[0.06198894215],"iteration":638,"passed_time":6.000961079,"remaining_time":3.390214319},
{"learn":[0.06184746951],"iteration":639,"passed_time":6.008964676,"remaining_time":3.38004263},
{"learn":[0.06169579956],"iteration":640,"passed_time":6.016601432,"remaining_time":3.369672253},
{"learn":[0.06159259673],"iteration":641,"passed_time":6.024276627,"remaining_time":3.359331826},
{"learn":[0.0613983622],"iteration":642,"passed_time":6.032050805,"remaining_time":3.349054646},
{"learn":[0.06128191147],"iteration":643,"passed_time":6.040581816,"remaining_time":3.339203612},
{"learn":[0.06112937157],"iteration":644,"passed_time":6.052954157,"remaining_time":3.331470893},
{"learn":[0.06100431219],"iteration":645,"passed_time":6.065649342,"remaining_time":3.323900723},
{"learn":[0.06088576919],"iteration":646,"passed_time":6.073656925,"remaining_time":3.313757178},
{"learn":[0.06078186016],"iteration":647,"passed_time":6.081744576,"remaining_time":3.30366372},
{"learn":[0.06064633209],"iteration":648,"passed_time":6.090145659,"remaining_time":3.293745957},
{"learn":[0.0605824909],"iteration":649,"passed_time":6.098130012,"remaining_time":3.283608468},
{"learn":[0.06045132092],"iteration":650,"passed_time":6.106079105,"remaining_time":3.273458691},
{"learn":[0.06031016169],"iteration":651,"passed_time":6.113958813,"remaining_time":3.26327863},
{"learn":[0.06018854621],"iteration":652,"passed_time":6.122332097,"remaining_time":3.253367898},
{"learn":[0.0601046011],"iteration":653,"passed_time":6.13000877,"remaining_time":3.243093325},
{"learn":[0.06002050681],"iteration":654,"passed_time":6.137701986,"remaining_time":3.232835397},
{"learn":[0.05987241275],"iteration":655,"passed_time":6.145679085,"remaining_time":3.222734154},
{"learn":[0.05976436413],"iteration":656,"passed_time":6.153173827,"remaining_time":3.212387553},
{"learn":[0.05962108488],"iteration":657,"passed_time":6.160938165,"remaining_time":3.202189745},
{"learn":[0.05942827613],"iteration":658,"passed_time":6.170736914,"remaining_time":3.19305203},
{"learn":[0.05937204369],"iteration":659,"passed_time":6.178447355,"remaining_time":3.182836516},
{"learn":[0.05927554259],"iteration":660,"passed_time":6.187295186,"remaining_time":3.173211903},
{"learn":[0.05908551013],"iteration":661,"passed_time":6.194871449,"remaining_time":3.162940407},
{"learn":[0.05892402916],"iteration":662,"passed_time":6.202487085,"remaining_time":3.152697055},
{"learn":[0.05875024791],"iteration":663,"passed_time":6.210944556,"remaining_time":3.142887607},
{"learn":[0.05866964052],"iteration":664,"passed_time":6.21822102,"remaining_time":3.132487281},
{"learn":[0.05857951717],"iteration":665,"passed_time":6.227210237,"remaining_time":3.122955284},
{"learn":[0.05849115781],"iteration":666,"passed_time":6.23492145,"remaining_time":3.112786871},
{"learn":[0.0582848337],"iteration":667,"passed_time":6.2426497,"remaining_time":3.102634282},
{"learn":[0.05818257877],"iteration":668,"passed_time":6.25558149,"remaining_time":3.095063488},
{"learn":[0.05801128002],"iteration":669,"passed_time":6.263157154,"remaining_time":3.084838598},
{"learn":[0.05786126631],"iteration":670,"passed_time":6.270873451,"remaining_time":3.074690559},
{"learn":[0.057726228],"iteration":671,"passed_time":6.278454642,"remaining_time":3.064483813},
{"learn":[0.05762303285],"iteration":672,"passed_time":6.286470724,"remaining_time":3.054496177},
{"learn":[0.0575427134],"iteration":673,"passed_time":6.294526315,"remaining_time":3.0445335},
{"learn":[0.05737860214],"iteration":674,"passed_time":6.302578122,"remaining_time":3.034574651},
{"learn":[0.05732229057],"iteration":675,"passed_time":6.310314798,"remaining_time":3.024470406},
{"learn":[0.05717344137],"iteration":676,"passed_time":6.319482467,"remaining_time":3.015055889},
{"learn":[0.05710686819],"iteration":677,"passed_time":6.327147099,"remaining_time":3.004928268},
{"learn":[0.05699429982],"iteration":678,"passed_time":6.336580131,"remaining_time":2.995643921},
{"learn":[0.05687978878],"iteration":679,"passed_time":6.345852271,"remaining_time":2.986283422},
{"learn":[0.0566878852],"iteration":680,"passed_time":6.356633199,"remaining_time":2.977629942},
{"learn":[0.05660079985],"iteration":681,"passed_time":6.366636089,"remaining_time":2.968607443},
{"learn":[0.05649757137],"iteration":682,"passed_time":6.374878522,"remaining_time":2.958764995},
{"learn":[0.05638863647],"iteration":683,"passed_time":6.38384525,"remaining_time":2.949261841},
{"learn":[0.05624337929],"iteration":684,"passed_time":6.39175196,"remaining_time":2.939272799},
{"learn":[0.05612511729],"iteration":685,"passed_time":6.399381254,"remaining_time":2.929162848},
{"learn":[0.05606339485],"iteration":686,"passed_time":6.408794613,"remaining_time":2.919872946},
{"learn":[0.05597262594],"iteration":687,"passed_time":6.418039986,"remaining_time":2.910506505},
{"learn":[0.05583446138],"iteration":688,"passed_time":6.428653993,"remaining_time":2.901758189},
{"learn":[0.05571708169],"iteration":689,"passed_time":6.437663602,"remaining_time":2.892283647},
{"learn":[0.05560111198],"iteration":690,"passed_time":6.448985992,"remaining_time":2.883844677},
{"learn":[0.05544079955],"iteration":691,"passed_time":6.45949145,"remaining_time":2.875033767},
{"learn":[0.05539620481],"iteration":692,"passed_time":6.46845926,"remaining_time":2.865536786},
{"learn":[0.05525915725],"iteration":693,"passed_time":6.481651928,"remaining_time":2.857904164},
{"learn":[0.055128839],"iteration":694,"passed_time":6.490919835,"remaining_time":2.848533165},
{"learn":[0.05500886997],"iteration":695,"passed_time":6.499542778,"remaining_time":2.838880754},
{"learn":[0.0548998288],"iteration":696,"passed_time":6.508045485,"remaining_time":2.829179027},
{"learn":[0.05482787284],"iteration":697,"passed_time":6.516367013,"remaining_time":2.819402347},
{"learn":[0.05468239524],"iteration":698,"passed_time":6.52788482,"remaining_time":2.811006196},
{"learn":[0.05460234921],"iteration":699,"passed_time":6.537660234,"remaining_time":2.801854386},
{"learn":[0.0544746633],"iteration":700,"passed_time":6.546305922,"remaining_time":2.792218931},
{"learn":[0.05431907806],"iteration":701,"passed_time":6.554544539,"remaining_time":2.782413494},
{"learn":[0.05416798676],"iteration":702,"passed_time":6.563212153,"remaining_time":2.772793754},
{"learn":[0.05407817517],"iteration":703,"passed_time":6.571800156,"remaining_time":2.763143247},
{"learn":[0.0539406025],"iteration":704,"passed_time":6.580934826,"remaining_time":2.753724502},
{"learn":[0.0538582034],"iteration":705,"passed_time":6.58897827,"remaining_time":2.743852141},
{"learn":[0.05376329997],"iteration":706,"passed_time":6.60347177,"remaining_time":2.736658032},
{"learn":[0.05369386964],"iteration":707,"passed_time":6.615983925,"remaining_time":2.728626139},
{"learn":[0.05362618982],"iteration":708,"passed_time":6.631578676,"remaining_time":2.721846819},
{"learn":[0.0535154325],"iteration":709,"passed_time":6.645511164,"remaining_time":2.714363715},
{"learn":[0.05337556548],"iteration":710,"passed_time":6.659912723,"remaining_time":2.707053132},
{"learn":[0.05326205205],"iteration":711,"passed_time":6.674569059,"remaining_time":2.699825687},
{"learn":[0.05320233553],"iteration":712,"passed_time":6.685801742,"remaining_time":2.691199299},
{"learn":[0.05311851147],"iteration":713,"passed_time":6.696942958,"remaining_time":2.682528972},
{"learn":[0.05299726077],"iteration":714,"passed_time":6.706028763,"remaining_time":2.673032444},
{"learn":[0.05292305109],"iteration":715,"passed_time":6.716368451,"remaining_time":2.664034414},
{"learn":[0.05283155848],"iteration":716,"passed_time":6.728035333,"remaining_time":2.655556484},
{"learn":[0.0526317822],"iteration":717,"passed_time":6.739157222,"remaining_time":2.646855622},
{"learn":[0.05253161877],"iteration":718,"passed_time":6.749639341,"remaining_time":2.63789799},
{"learn":[0.05246562418],"iteration":719,"passed_time":6.764485236,"remaining_time":2.630633148},
{"learn":[0.0524178579],"iteration":720,"passed_time":6.774991747,"remaining_time":2.621668096},
{"learn":[0.0523201671],"iteration":721,"passed_time":6.783570199,"remaining_time":2.611956392},
{"learn":[0.05225553985],"iteration":722,"passed_time":6.798061628,"remaining_time":2.604513238},
{"learn":[0.05213929844],"iteration":723,"passed_time":6.80850652,"remaining_time":2.59550801},
{"learn":[0.05203741666],"iteration":724,"passed_time":6.820633903,"remaining_time":2.587136998},
{"learn":[0.05189789372],"iteration":725,"passed_time":6.831050791,"remaining_time":2.578110078},
{"learn":[0.05180629738],"iteration":726,"passed_time":6.841075081,"remaining_time":2.568931908},
{"learn":[0.05168399306],"iteration":727,"passed_time":6.848659194,"remaining_time":2.558839699},
{"learn":[0.05156162184],"iteration":728,"passed_time":6.856232613,"remaining_time":2.548750395},
{"learn":[0.05143674822],"iteration":729,"passed_time":6.865363453,"remaining_time":2.539244017},
{"learn":[0.05135694472],"iteration":730,"passed_time":6.876565604,"remaining_time":2.530500886},
{"learn":[0.05130949039],"iteration":731,"passed_time":6.884781528,"remaining_time":2.520657718},
{"learn":[0.05119990255],"iteration":732,"passed_time":6.895069661,"remaining_time":2.511573806},
{"learn":[0.05109850851],"iteration":733,"passed_time":6.905848466,"remaining_time":2.502664431},
{"learn":[0.05098663591],"iteration":734,"passed_time":6.915293769,"remaining_time":2.493269182},
{"learn":[0.05091322955],"iteration":735,"passed_time":6.926267073,"remaining_time":2.484421885},
{"learn":[0.05084432886],"iteration":736,"passed_time":6.937671152,"remaining_time":2.475722541},
{"learn":[0.05075710184],"iteration":737,"passed_time":6.948450009,"remaining_time":2.466793906},
{"learn":[0.05070580003],"iteration":738,"passed_time":6.959157192,"remaining_time":2.457834949},
{"learn":[0.05060018834],"iteration":739,"passed_time":6.969124363,"remaining_time":2.448611263},
{"learn":[0.05049312228],"iteration":740,"passed_time":6.979636605,"remaining_time":2.439576087},
{"learn":[0.05034938701],"iteration":741,"passed_time":6.9905718,"remaining_time":2.430683995},
{"learn":[0.05023637404],"iteration":742,"passed_time":7.004031543,"remaining_time":2.422659632},
{"learn":[0.05016383141],"iteration":743,"passed_time":7.014114837,"remaining_time":2.413458869},
{"learn":[0.05008088984],"iteration":744,"passed_time":7.022959239,"remaining_time":2.403831686},
{"learn":[0.05000610067],"iteration":745,"passed_time":7.034770768,"remaining_time":2.395216857},
{"learn":[0.04991005139],"iteration":746,"passed_time":7.0467677,"remaining_time":2.386656263},
{"learn":[0.04982208459],"iteration":747,"passed_time":7.058862548,"remaining_time":2.378119468},
{"learn":[0.04973107462],"iteration":748,"passed_time":7.068989268,"remaining_time":2.368913626},
{"learn":[0.04965758793],"iteration":749,"passed_time":7.076525684,"remaining_time":2.358841895},
{"learn":[0.04961498695],"iteration":750,"passed_time":7.087189728,"remaining_time":2.349813904},
{"learn":[0.04952671953],"iteration":751,"passed_time":7.095914588,"remaining_time":2.340142045},
{"learn":[0.04943684124],"iteration":752,"passed_time":7.105941283,"remaining_time":2.33089973},
{"learn":[0.04935871058],"iteration":753,"passed_time":7.11631776,"remaining_time":2.321769455},
{"learn":[0.04924821949],"iteration":754,"passed_time":7.127704041,"remaining_time":2.312963563},
{"learn":[0.04916845769],"iteration":755,"passed_time":7.137904342,"remaining_time":2.303768068},
{"learn":[0.04903588915],"iteration":756,"passed_time":7.149009783,"remaining_time":2.294860472},
{"learn":[0.04894943008],"iteration":757,"passed_time":7.157042258,"remaining_time":2.284965998},
{"learn":[0.04886920275],"iteration":758,"passed_time":7.170798875,"remaining_time":2.276893977},
{"learn":[0.04874339422],"iteration":759,"passed_time":7.185770985,"remaining_time":2.269190837},
{"learn":[0.04865888759],"iteration":760,"passed_time":7.199213556,"remaining_time":2.260988226},
{"learn":[0.04856743528],"iteration":761,"passed_time":7.208687079,"remaining_time":2.251532185},
{"learn":[0.04852389003],"iteration":762,"passed_time":7.216998714,"remaining_time":2.241715197},
{"learn":[0.04838384755],"iteration":763,"passed_time":7.228674603,"remaining_time":2.23294137},
{"learn":[0.04830795236],"iteration":764,"passed_time":7.239868694,"remaining_time":2.224011952},
{"learn":[0.04823041574],"iteration":765,"passed_time":7.251821199,"remaining_time":2.215308304},
{"learn":[0.04815434196],"iteration":766,"passed_time":7.263617909,"remaining_time":2.206548856},
{"learn":[0.04808935387],"iteration":767,"passed_time":7.275694933,"remaining_time":2.197866178},
{"learn":[0.04801406389],"iteration":768,"passed_time":7.284538891,"remaining_time":2.18820349},
{"learn":[0.04789974987],"iteration":769,"passed_time":7.295179251,"remaining_time":2.179079517},
{"learn":[0.04785681976],"iteration":770,"passed_time":7.30554795,"remaining_time":2.169870922},
{"learn":[0.04781014925],"iteration":771,"passed_time":7.32270881,"remaining_time":2.162665296},
{"learn":[0.04772892094],"iteration":772,"passed_time":7.336861591,"remaining_time":2.154550558},
{"learn":[0.0476304064],"iteration":773,"passed_time":7.345417411,"remaining_time":2.144785962},
{"learn":[0.04750949264],"iteration":774,"passed_time":7.356592175,"remaining_time":2.135784825},
{"learn":[0.04742123213],"iteration":775,"passed_time":7.368778397,"remaining_time":2.127070053},
{"learn":[0.04740576897],"iteration":776,"passed_time":7.380113028,"remaining_time":2.118101937},
{"learn":[0.04738752966],"iteration":777,"passed_time":7.388874579,"remaining_time":2.108393517},
{"learn":[0.04731391885],"iteration":778,"passed_time":7.401004574,"remaining_time":2.099643146},
{"learn":[0.04725039007],"iteration":779,"passed_time":7.413066953,"remaining_time":2.090865038},
{"learn":[0.04715604091],"iteration":780,"passed_time":7.423662448,"remaining_time":2.081667191},
{"learn":[0.04711008112],"iteration":781,"passed_time":7.436028622,"remaining_time":2.072959386},
{"learn":[0.04700379145],"iteration":782,"passed_time":7.444421928,"remaining_time":2.063141199},
{"learn":[0.04691337566],"iteration":783,"passed_time":7.454273248,"remaining_time":2.053728344},
{"learn":[0.0467707171],"iteration":784,"passed_time":7.468063958,"remaining_time":2.045393313},
{"learn":[0.04670286419],"iteration":785,"passed_time":7.479385322,"remaining_time":2.036372085},
{"learn":[0.04662560683],"iteration":786,"passed_time":7.488242692,"remaining_time":2.026678136},
{"learn":[0.04656532905],"iteration":787,"passed_time":7.500740178,"remaining_time":2.017965632},
{"learn":[0.04652689261],"iteration":788,"passed_time":7.510986155,"remaining_time":2.008641418},
{"learn":[0.04647483648],"iteration":789,"passed_time":7.519937265,"remaining_time":1.998970665},
{"learn":[0.04637652567],"iteration":790,"passed_time":7.531202957,"remaining_time":1.989913297},
{"learn":[0.04631179568],"iteration":791,"passed_time":7.542192888,"remaining_time":1.98077793},
{"learn":[0.04619313595],"iteration":792,"passed_time":7.555346694,"remaining_time":1.972202731},
{"learn":[0.04609017593],"iteration":793,"passed_time":7.568288575,"remaining_time":1.963561016},
{"learn":[0.04601361682],"iteration":794,"passed_time":7.580277655,"remaining_time":1.954662791},
{"learn":[0.04588366775],"iteration":795,"passed_time":7.592591731,"remaining_time":1.945840092},
{"learn":[0.04582260944],"iteration":796,"passed_time":7.607212004,"remaining_time":1.937596031},
{"learn":[0.04570389527],"iteration":797,"passed_time":7.618463758,"remaining_time":1.928483307},
{"learn":[0.04563992453],"iteration":798,"passed_time":7.626132069,"remaining_time":1.918463762},
{"learn":[0.04558727833],"iteration":799,"passed_time":7.636391764,"remaining_time":1.909097941},
{"learn":[0.0455226183],"iteration":800,"passed_time":7.645686305,"remaining_time":1.899490106},
{"learn":[0.04541743501],"iteration":801,"passed_time":7.653602493,"remaining_time":1.88954276},
{"learn":[0.04530015707],"iteration":802,"passed_time":7.662354795,"remaining_time":1.879805597},
{"learn":[0.04521571049],"iteration":803,"passed_time":7.673995717,"remaining_time":1.870775075},
{"learn":[0.04516531694],"iteration":804,"passed_time":7.685128672,"remaining_time":1.86161502},
{"learn":[0.04510550975],"iteration":805,"passed_time":7.695456443,"remaining_time":1.852256265},
{"learn":[0.04504575751],"iteration":806,"passed_time":7.704670806,"remaining_time":1.84262883},
{"learn":[0.04498055476],"iteration":807,"passed_time":7.71223034,"remaining_time":1.83260919},
{"learn":[0.04491068179],"iteration":808,"passed_time":7.724009013,"remaining_time":1.823591745},
{"learn":[0.04484813005],"iteration":809,"passed_time":7.735136473,"remaining_time":1.814414728},
{"learn":[0.04476587243],"iteration":810,"passed_time":7.746838342,"remaining_time":1.805366765},
{"learn":[0.04467546585],"iteration":811,"passed_time":7.759419597,"remaining_time":1.796515867},
{"learn":[0.04459841475],"iteration":812,"passed_time":7.770940762,"remaining_time":1.787411959},
{"learn":[0.04452670871],"iteration":813,"passed_time":7.783627243,"remaining_time":1.778568387},
{"learn":[0.04444823681],"iteration":814,"passed_time":7.792487983,"remaining_time":1.768846965},
{"learn":[0.04441426851],"iteration":815,"passed_time":7.800378939,"remaining_time":1.758908976},
{"learn":[0.04434989395],"iteration":816,"passed_time":7.808957328,"remaining_time":1.749129977},
{"learn":[0.04427906781],"iteration":817,"passed_time":7.821278376,"remaining_time":1.740186631},
{"learn":[0.04422958263],"iteration":818,"passed_time":7.829561352,"remaining_time":1.730342619},
{"learn":[0.04418026435],"iteration":819,"passed_time":7.841902531,"remaining_time":1.721393238},
{"learn":[0.04413965988],"iteration":820,"passed_time":7.854110406,"remaining_time":1.712406532},
{"learn":[0.04404394428],"iteration":821,"passed_time":7.864467621,"remaining_time":1.703011237},
{"learn":[0.04398736447],"iteration":822,"passed_time":7.876824047,"remaining_time":1.694043568},
{"learn":[0.04389278406],"iteration":823,"passed_time":7.88509474,"remaining_time":1.684194993},
{"learn":[0.04381936383],"iteration":824,"passed_time":7.894055852,"remaining_time":1.674496696},
{"learn":[0.04373482018],"iteration":825,"passed_time":7.904359974,"remaining_time":1.665083094},
{"learn":[0.04364006239],"iteration":826,"passed_time":7.91387483,"remaining_time":1.655502232},
{"learn":[0.04356061977],"iteration":827,"passed_time":7.923326068,"remaining_time":1.645908314},
{"learn":[0.04349537598],"iteration":828,"passed_time":7.935048489,"remaining_time":1.636783223},
{"learn":[0.04339287635],"iteration":829,"passed_time":7.944282978,"remaining_time":1.627142297},
{"learn":[0.04329666662],"iteration":830,"passed_time":7.953264851,"remaining_time":1.617450974},
{"learn":[0.04323847521],"iteration":831,"passed_time":7.962677844,"remaining_time":1.607848411},
{"learn":[0.04317880914],"iteration":832,"passed_time":7.9707455,"remaining_time":1.597976589},
{"learn":[0.04311342575],"iteration":833,"passed_time":7.979494181,"remaining_time":1.588244645},
{"learn":[0.04306033963],"iteration":834,"passed_time":7.987123274,"remaining_time":1.578293821},
{"learn":[0.04300707828],"iteration":835,"passed_time":7.994502113,"remaining_time":1.568299458},
{"learn":[0.04291972868],"iteration":836,"passed_time":8.005547877,"remaining_time":1.559025453},
{"learn":[0.04288386426],"iteration":837,"passed_time":8.014395059,"remaining_time":1.549322195},
{"learn":[0.0428238684],"iteration":838,"passed_time":8.022830008,"remaining_time":1.539541873},
{"learn":[0.0427619702],"iteration":839,"passed_time":8.030499014,"remaining_time":1.52961886},
{"learn":[0.04269297774],"iteration":840,"passed_time":8.041150582,"remaining_time":1.520265092},
{"learn":[0.04257601106],"iteration":841,"passed_time":8.050765704,"remaining_time":1.510713754},
{"learn":[0.04248412912],"iteration":842,"passed_time":8.060019186,"remaining_time":1.501094914},
{"learn":[0.04241749252],"iteration":843,"passed_time":8.071477093,"remaining_time":1.491884392},
{"learn":[0.04236257946],"iteration":844,"passed_time":8.083483908,"remaining_time":1.482769238},
{"learn":[0.04231404171],"iteration":845,"passed_time":8.091547401,"remaining_time":1.472929432},
{"learn":[0.04226473641],"iteration":846,"passed_time":8.100998391,"remaining_time":1.463344456},
{"learn":[0.04220286432],"iteration":847,"passed_time":8.108446745,"remaining_time":1.453400832},
{"learn":[0.04213553812],"iteration":848,"passed_time":8.117411441,"remaining_time":1.443732777},
{"learn":[0.04205323653],"iteration":849,"passed_time":8.128049367,"remaining_time":1.434361653},
{"learn":[0.04195974169],"iteration":850,"passed_time":8.136317246,"remaining_time":1.424572585},
{"learn":[0.04187353808],"iteration":851,"passed_time":8.145240215,"remaining_time":1.414900882},
{"learn":[0.04179978286],"iteration":852,"passed_time":8.153870188,"remaining_time":1.405180443},
{"learn":[0.04173935142],"iteration":853,"passed_time":8.163360021,"remaining_time":1.395609559},
{"learn":[0.04165564867],"iteration":854,"passed_time":8.171724489,"remaining_time":1.385848013},
{"learn":[0.04157166816],"iteration":855,"passed_time":8.180597931,"remaining_time":1.376175353},
{"learn":[0.04149563485],"iteration":856,"passed_time":8.188442827,"remaining_time":1.366332934},
{"learn":[0.04140668034],"iteration":857,"passed_time":8.19735675,"remaining_time":1.356672096},
{"learn":[0.04134903564],"iteration":858,"passed_time":8.205321699,"remaining_time":1.346857229},
{"learn":[0.04131029524],"iteration":859,"passed_time":8.21288765,"remaining_time":1.336981711},
{"learn":[0.04121172977],"iteration":860,"passed_time":8.222687672,"remaining_time":1.327472226},
{"learn":[0.04116821897],"iteration":861,"passed_time":8.231858864,"remaining_time":1.317861396},
{"learn":[0.04108606554],"iteration":862,"passed_time":8.241199972,"remaining_time":1.308278559},
{"learn":[0.04100990773],"iteration":863,"passed_time":8.25171616,"remaining_time":1.298881247},
{"learn":[0.04098357468],"iteration":864,"passed_time":8.260616661,"remaining_time":1.28922919},
{"learn":[0.04093542559],"iteration":865,"passed_time":8.268480899,"remaining_time":1.279418522},
{"learn":[0.04084723176],"iteration":866,"passed_time":8.279403107,"remaining_time":1.270081445},
{"learn":[0.04081245596],"iteration":867,"passed_time":8.292643343,"remaining_time":1.261093227},
{"learn":[0.04074075491],"iteration":868,"passed_time":8.302679716,"remaining_time":1.251612247},
{"learn":[0.04070080466],"iteration":869,"passed_time":8.31160644,"remaining_time":1.241964181},
{"learn":[0.04063128236],"iteration":870,"passed_time":8.321929691,"remaining_time":1.232524604},
{"learn":[0.04059491422],"iteration":871,"passed_time":8.332055245,"remaining_time":1.223053981},
{"learn":[0.04051710702],"iteration":872,"passed_time":8.34076718,"remaining_time":1.213376211},
{"learn":[0.04044689513],"iteration":873,"passed_time":8.353094943,"remaining_time":1.204221925},
{"learn":[0.04041412509],"iteration":874,"passed_time":8.364284204,"remaining_time":1.194897743},
{"learn":[0.04033288914],"iteration":875,"passed_time":8.372414235,"remaining_time":1.185136262},
{"learn":[0.04030304576],"iteration":876,"passed_time":8.381950472,"remaining_time":1.175575722},
{"learn":[0.04022915963],"iteration":877,"passed_time":8.392423778,"remaining_time":1.166145445},
{"learn":[0.04018115744],"iteration":878,"passed_time":8.40061387,"remaining_time":1.156398496},
{"learn":[0.04011204433],"iteration":879,"passed_time":8.410341032,"remaining_time":1.146864686},
{"learn":[0.04004110169],"iteration":880,"passed_time":8.422780729,"remaining_time":1.137696829},
{"learn":[0.03999516697],"iteration":881,"passed_time":8.43051162,"remaining_time":1.127891577},
{"learn":[0.03993104427],"iteration":882,"passed_time":8.439377345,"remaining_time":1.118241392},
{"learn":[0.03988156715],"iteration":883,"passed_time":8.449690959,"remaining_time":1.108782976},
{"learn":[0.03982129576],"iteration":884,"passed_time":8.458691671,"remaining_time":1.099152025},
{"learn":[0.03977277056],"iteration":885,"passed_time":8.471458478,"remaining_time":1.090007073},
{"learn":[0.03968599527],"iteration":886,"passed_time":8.482141985,"remaining_time":1.080588551},
{"learn":[0.03959910235],"iteration":887,"passed_time":8.494464501,"remaining_time":1.071373901},
{"learn":[0.03956858952],"iteration":888,"passed_time":8.502013871,"remaining_time":1.061556288},
{"learn":[0.03951575972],"iteration":889,"passed_time":8.511549196,"remaining_time":1.051989226},
{"learn":[0.03946567973],"iteration":890,"passed_time":8.519230155,"remaining_time":1.042195384},
{"learn":[0.03938273159],"iteration":891,"passed_time":8.528289142,"remaining_time":1.032573125},
{"learn":[0.03932289914],"iteration":892,"passed_time":8.539191688,"remaining_time":1.023173024},
{"learn":[0.03926950037],"iteration":893,"passed_time":8.549054106,"remaining_time":1.013646236},
{"learn":[0.03921759985],"iteration":894,"passed_time":8.563270844,"remaining_time":1.00462954},
{"learn":[0.03916048556],"iteration":895,"passed_time":8.575983787,"remaining_time":0.9954266895},
{"learn":[0.03908960559],"iteration":896,"passed_time":8.591818844,"remaining_time":0.9865745161},
{"learn":[0.03905909917],"iteration":897,"passed_time":8.60730271,"remaining_time":0.9776669003},
{"learn":[0.03899415071],"iteration":898,"passed_time":8.621268259,"remaining_time":0.9685740758},
{"learn":[0.03896271097],"iteration":899,"passed_time":8.63275542,"remaining_time":0.9591950467},
{"learn":[0.0388670852],"iteration":900,"passed_time":8.643393651,"remaining_time":0.9497180593},
{"learn":[0.03882836658],"iteration":901,"passed_time":8.655294914,"remaining_time":0.9403757223},
{"learn":[0.03878839212],"iteration":902,"passed_time":8.668624622,"remaining_time":0.9311811609},
{"learn":[0.038728306],"iteration":903,"passed_time":8.681031494,"remaining_time":0.9218794507},
{"learn":[0.03866716996],"iteration":904,"passed_time":8.694346959,"remaining_time":0.9126662553},
{"learn":[0.03858669026],"iteration":905,"passed_time":8.705706354,"remaining_time":0.9032410566},
{"learn":[0.03853076383],"iteration":906,"passed_time":8.719358997,"remaining_time":0.8940467328},
{"learn":[0.03850231524],"iteration":907,"passed_time":8.735190991,"remaining_time":0.8850634044},
{"learn":[0.03844216911],"iteration":908,"passed_time":8.745223768,"remaining_time":0.8754844477},
{"learn":[0.03838451659],"iteration":909,"passed_time":8.757896555,"remaining_time":0.8661655934},
{"learn":[0.03833676193],"iteration":910,"passed_time":8.769422936,"remaining_time":0.8567273779},
{"learn":[0.0382822465],"iteration":911,"passed_time":8.782070832,"remaining_time":0.8473927996},
{"learn":[0.0382024786],"iteration":912,"passed_time":8.793024383,"remaining_time":0.8378895086},
{"learn":[0.03813756158],"iteration":913,"passed_time":8.803007003,"remaining_time":0.8282916873},
{"learn":[0.03810631687],"iteration":914,"passed_time":8.8157269,"remaining_time":0.8189473076},
{"learn":[0.03803436267],"iteration":915,"passed_time":8.829479862,"remaining_time":0.809690293},
{"learn":[0.03795283295],"iteration":916,"passed_time":8.840926105,"remaining_time":0.8002146856},
{"learn":[0.0378991727],"iteration":917,"passed_time":8.851107462,"remaining_time":0.7906217994},
{"learn":[0.03785823023],"iteration":918,"passed_time":8.864171937,"remaining_time":0.7812817485},
{"learn":[0.03780817827],"iteration":919,"passed_time":8.877155464,"remaining_time":0.7719265621},
{"learn":[0.03775499175],"iteration":920,"passed_time":8.888475666,"remaining_time":0.7624208226},
{"learn":[0.03770537509],"iteration":921,"passed_time":8.899712329,"remaining_time":0.7529040799},
{"learn":[0.03765477434],"iteration":922,"passed_time":8.911224619,"remaining_time":0.7434066042},
{"learn":[0.03760383907],"iteration":923,"passed_time":8.921379893,"remaining_time":0.7337931514},
{"learn":[0.03752623435],"iteration":924,"passed_time":8.929392685,"remaining_time":0.7240048123},
{"learn":[0.03749498717],"iteration":925,"passed_time":8.941064814,"remaining_time":0.7145127389},
{"learn":[0.03745773061],"iteration":926,"passed_time":8.95405056,"remaining_time":0.7051194076},
{"learn":[0.03741011553],"iteration":927,"passed_time":8.967172866,"remaining_time":0.6957289293},
{"learn":[0.03735888045],"iteration":928,"passed_time":8.979037351,"remaining_time":0.6862342863},
{"learn":[0.0373134149],"iteration":929,"passed_time":8.988947035,"remaining_time":0.6765874112},
{"learn":[0.03726490774],"iteration":930,"passed_time":9.000491688,"remaining_time":0.6670611455},
{"learn":[0.03721500183],"iteration":931,"passed_time":9.008575179,"remaining_time":0.6572780174},
{"learn":[0.0371514017],"iteration":932,"passed_time":9.016437258,"remaining_time":0.6474826327},
{"learn":[0.03712642461],"iteration":933,"passed_time":9.024825386,"remaining_time":0.6377285605},
{"learn":[0.03708198173],"iteration":934,"passed_time":9.036664076,"remaining_time":0.6282172887},
{"learn":[0.03700946594],"iteration":935,"passed_time":9.048288215,"remaining_time":0.6186863737},
{"learn":[0.03698815071],"iteration":936,"passed_time":9.060536414,"remaining_time":0.60919295},
{"learn":[0.03692018494],"iteration":937,"passed_time":9.071800162,"remaining_time":0.5996285821},
{"learn":[0.0368814357],"iteration":938,"passed_time":9.079522632,"remaining_time":0.5898305437},
{"learn":[0.03680760934],"iteration":939,"passed_time":9.08958765,"remaining_time":0.5801864458},
{"learn":[0.03675967956],"iteration":940,"passed_time":9.101239492,"remaining_time":0.5706409458},
{"learn":[0.03670282256],"iteration":941,"passed_time":9.111190753,"remaining_time":0.5609862672},
{"learn":[0.03666102441],"iteration":942,"passed_time":9.12145845,"remaining_time":0.5513500866},
{"learn":[0.03660035249],"iteration":943,"passed_time":9.130471786,"remaining_time":0.5416381568},
{"learn":[0.03651192985],"iteration":944,"passed_time":9.140696558,"remaining_time":0.5319982124},
{"learn":[0.03647815184],"iteration":945,"passed_time":9.152648468,"remaining_time":0.5224556208},
{"learn":[0.03641267056],"iteration":946,"passed_time":9.16077022,"remaining_time":0.5126935815},
{"learn":[0.03635099674],"iteration":947,"passed_time":9.170093629,"remaining_time":0.5030009164},
{"learn":[0.03629720037],"iteration":948,"passed_time":9.180453659,"remaining_time":0.4933647383},
{"learn":[0.03628786873],"iteration":949,"passed_time":9.188771412,"remaining_time":0.483619548},
{"learn":[0.03620335467],"iteration":950,"passed_time":9.200394279,"remaining_time":0.4740476547},
{"learn":[0.03615688243],"iteration":951,"passed_time":9.212304953,"remaining_time":0.464485964},
{"learn":[0.03608453918],"iteration":952,"passed_time":9.222253899,"remaining_time":0.4548225952},
{"learn":[0.03604066356],"iteration":953,"passed_time":9.23177425,"remaining_time":0.4451379617},
{"learn":[0.03599876975],"iteration":954,"passed_time":9.241357975,"remaining_time":0.4354566585},
{"learn":[0.03596045504],"iteration":955,"passed_time":9.250481331,"remaining_time":0.4257543709},
{"learn":[0.03587879432],"iteration":956,"passed_time":9.26205262,"remaining_time":0.4161632839},
{"learn":[0.03582659259],"iteration":957,"passed_time":9.273183763,"remaining_time":0.4065487662},
{"learn":[0.03576821541],"iteration":958,"passed_time":9.282580886,"remaining_time":0.3968569513},
{"learn":[0.035744111],"iteration":959,"passed_time":9.294560208,"remaining_time":0.387273342},
{"learn":[0.03569414933],"iteration":960,"passed_time":9.302931703,"remaining_time":0.3775383313},
{"learn":[0.03565704528],"iteration":961,"passed_time":9.311512643,"remaining_time":0.3678144287},
{"learn":[0.0356098267],"iteration":962,"passed_time":9.324178272,"remaining_time":0.3582498401},
{"learn":[0.03557160107],"iteration":963,"passed_time":9.338851956,"remaining_time":0.3487538075},
{"learn":[0.0355193089],"iteration":964,"passed_time":9.35040088,"remaining_time":0.3391337107},
{"learn":[0.03549773232],"iteration":965,"passed_time":9.359759923,"remaining_time":0.3294325439},
{"learn":[0.03546524764],"iteration":966,"passed_time":9.370582535,"remaining_time":0.3197820307},
{"learn":[0.03538121946],"iteration":967,"passed_time":9.381469036,"remaining_time":0.3101312078},
{"learn":[0.03533688507],"iteration":968,"passed_time":9.39192904,"remaining_time":0.3004641901},
{"learn":[0.03528000735],"iteration":969,"passed_time":9.402592717,"remaining_time":0.2908018366},
{"learn":[0.03522237971],"iteration":970,"passed_time":9.4153175,"remaining_time":0.2811989779},
{"learn":[0.03517987789],"iteration":971,"passed_time":9.425094982,"remaining_time":0.2715047937},
{"learn":[0.03512975678],"iteration":972,"passed_time":9.43626264,"remaining_time":0.2618490147},
{"learn":[0.03505043225],"iteration":973,"passed_time":9.448241124,"remaining_time":0.2522117754},
{"learn":[0.03498238428],"iteration":974,"passed_time":9.456257958,"remaining_time":0.2424681528},
{"learn":[0.03493317681],"iteration":975,"passed_time":9.470115708,"remaining_time":0.2328716977},
{"learn":[0.03490706962],"iteration":976,"passed_time":9.481244646,"remaining_time":0.2232022793},
{"learn":[0.03485774193],"iteration":977,"passed_time":9.490903071,"remaining_time":0.2134967971},
{"learn":[0.03483279208],"iteration":978,"passed_time":9.502136202,"remaining_time":0.2038251892},
{"learn":[0.03479698715],"iteration":979,"passed_time":9.515333639,"remaining_time":0.1941904824},
{"learn":[0.03474931492],"iteration":980,"passed_time":9.532052538,"remaining_time":0.1846167158},
{"learn":[0.03472535851],"iteration":981,"passed_time":9.543964956,"remaining_time":0.1749402945},
{"learn":[0.0346876584],"iteration":982,"passed_time":9.556301544,"remaining_time":0.1652666595},
{"learn":[0.03463514906],"iteration":983,"passed_time":9.568416968,"remaining_time":0.1555840157},
{"learn":[0.03459220099],"iteration":984,"passed_time":9.578748084,"remaining_time":0.1458692602},
{"learn":[0.03457105696],"iteration":985,"passed_time":9.590355447,"remaining_time":0.1361713755},
{"learn":[0.03452518333],"iteration":986,"passed_time":9.599853643,"remaining_time":0.1264418413},
{"learn":[0.03446839835],"iteration":987,"passed_time":9.612364235,"remaining_time":0.1167493632},
{"learn":[0.03441153096],"iteration":988,"passed_time":9.621622156,"remaining_time":0.1070150088},
{"learn":[0.03435611275],"iteration":989,"passed_time":9.629639189,"remaining_time":0.09726908272},
{"learn":[0.03432563407],"iteration":990,"passed_time":9.643802186,"remaining_time":0.08758246183},
{"learn":[0.03429156121],"iteration":991,"passed_time":9.656140251,"remaining_time":0.0778720988},
{"learn":[0.0342621632],"iteration":992,"passed_time":9.667642558,"remaining_time":0.06815055177},
{"learn":[0.03420516705],"iteration":993,"passed_time":9.680169704,"remaining_time":0.05843160787},
{"learn":[0.03415262224],"iteration":994,"passed_time":9.692892864,"remaining_time":0.04870800434},
{"learn":[0.03410454128],"iteration":995,"passed_time":9.704271443,"remaining_time":0.03897297768},
{"learn":[0.0340736775],"iteration":996,"passed_time":9.718344717,"remaining_time":0.02924276244},
{"learn":[0.03402276941],"iteration":997,"passed_time":9.729621108,"remaining_time":0.01949823869},
{"learn":[0.03395334456],"iteration":998,"passed_time":9.740654302,"remaining_time":0.009750404707},
{"learn":[0.03388688201],"iteration":999,"passed_time":9.751267883,"remaining_time":0}
]}